id,produto,quantidade,preço,data
1,camiseta,2,20.01,01/01/2023
2,calça,1,76.79,02/01/2023
3,sapato,6,95.38,03/01/2023
4,meia,16,3.25,04/01/2023
5,cinto,12,18.77,05/01/2023
6,camisa,11,32.8,06/01/2023
7,bermuda,5,49.1,07/01/2023
8,tênis,7,120.51,08/01/2023
9,bone,12,6.65,09/01/2023
10,casaco,1,151.08,10/01/2023
11,mochila,6,62.69,11/01/2023
12,livro,18,17.2,12/01/2023
13,caderno,14,3.63,13/01/2023
14,lápis,26,2.93,14/01/2023
15,borracha,29,0.01,15/01/2023
16,cola,13,0.01,16/01/2023
17,régua,16,0.01,17/01/2023
18,pincel atômico,8,3.32,18/01/2023
19,papel sulfite A4 500 folhas,2,31.1,19/01/2023
20,pasta sanfonada,1,25.36,20/01/2023
21,fone de ouvido,5,84.18,21/01/2023
22,mouse sem fio,11,43.06,22/01/2023
23,filtro de linha,4,26.94,23/01/2023
24,cabo HDMI,5,14.63,24/01/2023
25,pilha AA,15,3.72,25/01/2023
26,luminária de mesa,2,31.76,26/01/2023
27,relogio de parede,12,15.15,27/01/2023
28,porta-retrato digital,6,100.92,28/01/2023
29,vaporizador de roupas,3,151.54,29/01/2023
30,balança digital,8,68.7,30/01/2023
31,furadeira elétrica,4,206.16,31/01/2023
32,jogo de panelas antiaderente,8,114.93,01/02/2023
33,faca elétrica,8,76.06,02/02/2023
34,sanduicheira elétrica,11,37.9,03/02/2023
35,mixer de alimentos,7,45.85,04/02/2023
36,batedeira planetária,7,300.46,05/02/2023
52,guitarra elétrica fender,2,3006.31,20/02/2023
53,amplificador de guitarra,5,806.91,21/02/2023
54,pedaleira preta,7,501.92,22/02/2023
55,cabo para instrumento ninja,14,56.67,23/02/2023
56,palheta dunlop,19,5.98,24/02/2023
57,afinador digital,11,52.01,25/02/2023
58,capotraste,10,99.71,26/02/2023
59,suporte para guitarra,2,19.43,27/02/2023
60,correia para guitarra,5,17.93,28/02/2023
61,encordoamento para guitarra,12,35.71,01/03/2023
62,violão acústico,5,297.94,02/03/2023
63,capa para violão,1,96.73,03/03/2023
64,banqueta para violão,3,72.73,04/03/2023
65,limpador de cordas,3,34.69,05/03/2023
66,flauta transversal,1,2002.43,06/03/2023
67,suporte para flauta,4,77.94,07/03/2023
68,estojo para flauta,9,9991.26,08/03/2023
70,saxofone,4,4368.72,10/03/2023
71,suporte para saxofone,10,23.62,11/03/2023
76,teclado musical casio,1,793.82,16/03/2023
77,sintetizador de voz,1,316.08,17/03/2023
78,controlador com cabo usb,8,117.87,18/03/2023
79,caixa de som jbl,1,36.2,19/03/2023
80,microfone sem fio shure,3,2002.46,20/03/2023
81,pedestal para microfone,2,143.23,21/03/2023
82,cabo para microfone,7,14.17,22/03/2023
83,caixa acústica,4,781.31,24/03/2023
85,mixer de áudio behringer,1,878.49,25/03/2023
86,fone de ouvido profissional akg,1,291.04,27/03/2023
88,monitor yamaha hs5,1,980.81,31/01/2023
