Mês / Ano de Referência;Entidade;UC/CNPJ;Total Repassado
jan/15;FNDE;153173 / 15253;2604077590.0
jan/15;INCRA;373001 / 37201;181456016.0
jan/15;SENAI;33.564.543/0001-90;219119330.0
jan/15;SESI;33.641.358/0001-52;313370139.0
jan/15;SENAC;33.469.172/0001-68;334005249.0
jan/15;SESC;33.469.164/0001-11;597447338.0
jan/15;SEBRAE;00.330.854/0001-45;428247534.0
jan/15;EMBRATUR;35.842.428/0001-66;0.0
jan/15;DPC;852001 / 00001;20988896.0
jan/15;ANAC;122002 / 00001;30221162.0
jan/15;SENAR;37.138.245/0001-90;40999819.0
jan/15;SEST;73.471.989/0001-95;57041322.0
jan/15;SENAT;73.471.963/0001-47;37293612.0
jan/15;SESCOOP;03.087.543/0001-86;39616737.0
jan/15;SDR;420013 / 00001;32001111.0
jan/15;APEX-BR;05.507.500/0001-38;62241408.0
jan/15;ABDI;07.200.966/0001-11;8917017.0
fev/15;FNDE;153173 / 15253;1526976201.0
fev/15;INCRA;373001 / 37201;106202613.0
fev/15;SENAI;33.564.543/0001-90;135090247.0
fev/15;SESI;33.641.358/0001-52;193889080.0
fev/15;SENAC;33.469.172/0001-68;199378928.0
fev/15;SESC;33.469.164/0001-11;355385173.0
fev/15;SEBRAE;00.330.854/0001-45;253753729.0
fev/15;EMBRATUR;35.842.428/0001-66;0.0
fev/15;DPC;852001 / 00001;12376606.0
fev/15;ANAC;122002 / 00001;17622443.0
fev/15;SENAR;37.138.245/0001-90;39006482.0
fev/15;SEST;73.471.989/0001-95;34810740.0
fev/15;SENAT;73.471.963/0001-47;22063632.0
fev/15;SESCOOP;03.087.543/0001-86;22396117.0
fev/15;SDR;420013 / 00001;18728858.0
fev/15;APEX-BR;05.507.500/0001-38;36879718.0
fev/15;ABDI;07.200.966/0001-11;5283568.0
mar/15;FNDE;153173 / 15253;1497863152.0
mar/15;INCRA;373001 / 37201;104401840.0
mar/15;SENAI;33.564.543/0001-90;130078300.0
mar/15;SESI;33.641.358/0001-52;186597391.0
mar/15;SENAC;33.469.172/0001-68;194608000.0
mar/15;SESC;33.469.164/0001-11;350007688.0
mar/15;SEBRAE;00.330.854/0001-45;250133611.0
mar/15;EMBRATUR;35.842.428/0001-66;0.0
mar/15;DPC;852001 / 00001;12688337.0
mar/15;ANAC;122002 / 00001;17651320.0
mar/15;SENAR;37.138.245/0001-90;38444869.0
mar/15;SEST;73.471.989/0001-95;35367894.0
mar/15;SENAT;73.471.963/0001-47;22303291.0
mar/15;SESCOOP;03.087.543/0001-86;22938132.0
mar/15;SDR;420013 / 00001;18417897.0
mar/15;APEX-BR;05.507.500/0001-38;35640967.0
mar/15;ABDI;07.200.966/0001-11;5106097.0
abr/15;FNDE;153173 / 15253;1491264359.0
abr/15;INCRA;373001 / 37201;104205840.0
abr/15;SENAI;33.564.543/0001-90;129316956.0
abr/15;SESI;33.641.358/0001-52;186271308.0
abr/15;SENAC;33.469.172/0001-68;194953409.0
abr/15;SESC;33.469.164/0001-11;347541683.0
abr/15;SEBRAE;00.330.854/0001-45;246697381.0
abr/15;EMBRATUR;35.842.428/0001-66;0.0
abr/15;DPC;852001 / 00001;11957274.0
abr/15;ANAC;122002 / 00001;15279686.0
abr/15;SENAR;37.138.245/0001-90;43489888.0
abr/15;SEST;73.471.989/0001-95;35896833.0
abr/15;SENAT;73.471.963/0001-47;22647809.0
abr/15;SESCOOP;03.087.543/0001-86;22372341.0
abr/15;SDR;420013 / 00001;18378264.0
abr/15;APEX-BR;05.507.500/0001-38;35586839.0
abr/15;ABDI;07.200.966/0001-11;5098347.0
mai/15;FNDE;153173 / 15253;1471212673.0
mai/15;INCRA;373001 / 37201;102665967.0
mai/15;SENAI;33.564.543/0001-90;125354190.0
mai/15;SESI;33.641.358/0001-52;180214592.0
mai/15;SENAC;33.469.172/0001-68;190691531.0
mai/15;SESC;33.469.164/0001-11;341443211.0
mai/15;SEBRAE;00.330.854/0001-45;242484318.0
mai/15;EMBRATUR;35.842.428/0001-66;0.0
mai/15;DPC;852001 / 00001;12455587.0
mai/15;ANAC;122002 / 00001;19480138.0
mai/15;SENAR;37.138.245/0001-90;69520527.0
mai/15;SEST;73.471.989/0001-95;35114292.0
mai/15;SENAT;73.471.963/0001-47;22223146.0
mai/15;SESCOOP;03.087.543/0001-86;22210052.0
mai/15;SDR;420013 / 00001;18104427.0
mai/15;APEX-BR;05.507.500/0001-38;34971787.0
mai/15;ABDI;07.200.966/0001-11;5010227.0
jun/15;FNDE;153173 / 15253;1493670147.0
jun/15;INCRA;373001 / 37201;104741545.0
jun/15;SENAI;33.564.543/0001-90;127849778.0
jun/15;SESI;33.641.358/0001-52;184460043.0
jun/15;SENAC;33.469.172/0001-68;196440178.0
jun/15;SESC;33.469.164/0001-11;351491056.0
jun/15;SEBRAE;00.330.854/0001-45;246852283.0
jun/15;EMBRATUR;35.842.428/0001-66;0.0
jun/15;DPC;852001 / 00001;12053305.0
jun/15;ANAC;122002 / 00001;17506318.0
jun/15;SENAR;37.138.245/0001-90;63531019.0
jun/15;SEST;73.471.989/0001-95;36143031.0
jun/15;SENAT;73.471.963/0001-47;22848653.0
jun/15;SESCOOP;03.087.543/0001-86;22488438.0
jun/15;SDR;420013 / 00001;18472932.0
jun/15;APEX-BR;05.507.500/0001-38;35651779.0
jun/15;ABDI;07.200.966/0001-11;5107645.0
jul/15;FNDE;153173 / 15253;1513119629.0
jul/15;INCRA;373001 / 37201;106734993.0
jul/15;SENAI;33.564.543/0001-90;130911622.0
jul/15;SESI;33.641.358/0001-52;188067056.0
jul/15;SENAC;33.469.172/0001-68;198775366.0
jul/15;SESC;33.469.164/0001-11;357769318.0
jul/15;SEBRAE;00.330.854/0001-45;251290982.0
jul/15;EMBRATUR;35.842.428/0001-66;0.0
jul/15;DPC;852001 / 00001;12344448.0
jul/15;ANAC;122002 / 00001;16927860.0
jul/15;SENAR;37.138.245/0001-90;55866485.0
jul/15;SEST;73.471.989/0001-95;37714635.0
jul/15;SENAT;73.471.963/0001-47;24117872.0
jul/15;SESCOOP;03.087.543/0001-86;22770769.0
jul/15;SDR;420013 / 00001;18823330.0
jul/15;APEX-BR;05.507.500/0001-38;36283379.0
jul/15;ABDI;07.200.966/0001-11;5198127.0
ago/15;FNDE;153173 / 15253;1423029337.0
ago/15;INCRA;373001 / 37201;99312699.0
ago/15;SENAI;33.564.543/0001-90;120579877.0
ago/15;SESI;33.641.358/0001-52;173341613.0
ago/15;SENAC;33.469.172/0001-68;186518805.0
ago/15;SESC;33.469.164/0001-11;334869835.0
ago/15;SEBRAE;00.330.854/0001-45;236223522.0
ago/15;EMBRATUR;35.842.428/0001-66;0.0
ago/15;DPC;852001 / 00001;12096033.0
ago/15;ANAC;122002 / 00001;16007685.0
ago/15;SENAR;37.138.245/0001-90;52971979.0
ago/15;SEST;73.471.989/0001-95;35870763.0
ago/15;SENAT;73.471.963/0001-47;22634160.0
ago/15;SESCOOP;03.087.543/0001-86;21936120.0
ago/15;SDR;420013 / 00001;17516208.0
ago/15;APEX-BR;05.507.500/0001-38;34121502.0
ago/15;ABDI;07.200.966/0001-11;4888414.0
set/15;FNDE;153173 / 15253;1562096473.0
set/15;INCRA;373001 / 37201;110041323.0
set/15;SENAI;33.564.543/0001-90;134680242.0
set/15;SESI;33.641.358/0001-52;193913488.0
set/15;SENAC;33.469.172/0001-68;204643886.0
set/15;SESC;33.469.164/0001-11;368111074.0
set/15;SEBRAE;00.330.854/0001-45;258191826.0
set/15;EMBRATUR;35.842.428/0001-66;0.0
set/15;DPC;852001 / 00001;12785671.0
set/15;ANAC;122002 / 00001;18450493.0
set/15;SENAR;37.138.245/0001-90;58350822.0
set/15;SEST;73.471.989/0001-95;40999695.0
set/15;SENAT;73.471.963/0001-47;25886746.0
set/15;SESCOOP;03.087.543/0001-86;23494676.0
set/15;SDR;420013 / 00001;19406435.0
set/15;APEX-BR;05.507.500/0001-38;37300570.0
set/15;ABDI;07.200.966/0001-11;5343856.0
out/15;FNDE;153173 / 15253;1475278041.0
out/15;INCRA;373001 / 37201;102912717.0
out/15;SENAI;33.564.543/0001-90;125160250.0
out/15;SESI;33.641.358/0001-52;179631610.0
out/15;SENAC;33.469.172/0001-68;193903575.0
out/15;SESC;33.469.164/0001-11;347121597.0
out/15;SEBRAE;00.330.854/0001-45;243374577.0
out/15;EMBRATUR;35.842.428/0001-66;0.0
out/15;DPC;852001 / 00001;12095445.0
out/15;ANAC;122002 / 00001;15653426.0
out/15;SENAR;37.138.245/0001-90;55014695.0
out/15;SEST;73.471.989/0001-95;37047706.0
out/15;SENAT;73.471.963/0001-47;23350397.0
out/15;SESCOOP;03.087.543/0001-86;23668256.0
out/15;SDR;420013 / 00001;18149574.0
out/15;APEX-BR;05.507.500/0001-38;35119139.0
out/15;ABDI;07.200.966/0001-11;5031336.0
nov/15;FNDE;153173 / 15253;1418418705.0
nov/15;INCRA;373001 / 37201;99203321.0
nov/15;SENAI;33.564.543/0001-90;120055039.0
nov/15;SESI;33.641.358/0001-52;172125628.0
nov/15;SENAC;33.469.172/0001-68;189277058.0
nov/15;SESC;33.469.164/0001-11;330379586.0
nov/15;SEBRAE;00.330.854/0001-45;235550305.0
nov/15;EMBRATUR;35.842.428/0001-66;0.0
nov/15;DPC;852001 / 00001;12170236.0
nov/15;ANAC;122002 / 00001;15515840.0
nov/15;SENAR;37.138.245/0001-90;55841556.0
nov/15;SEST;73.471.989/0001-95;35734607.0
nov/15;SENAT;73.471.963/0001-47;22512368.0
nov/15;SESCOOP;03.087.543/0001-86;22659534.0
nov/15;SDR;420013 / 00001;17494083.0
nov/15;APEX-BR;05.507.500/0001-38;33952467.0
nov/15;ABDI;07.200.966/0001-11;4864197.0
dez/15;FNDE;153173 / 15253;1505051956.0
dez/15;INCRA;373001 / 37201;107359603.0
dez/15;SENAI;33.564.543/0001-90;125669841.0
dez/15;SESI;33.641.358/0001-52;180405910.0
dez/15;SENAC;33.469.172/0001-68;200515725.0
dez/15;SESC;33.469.164/0001-11;360311950.0
dez/15;SEBRAE;00.330.854/0001-45;249253135.0
dez/15;EMBRATUR;35.842.428/0001-66;0.0
dez/15;DPC;852001 / 00001;12181794.0
dez/15;ANAC;122002 / 00001;19097423.0
dez/15;SENAR;37.138.245/0001-90;55237564.0
dez/15;SEST;73.471.989/0001-95;38150014.0
dez/15;SENAT;73.471.963/0001-47;24009971.0
dez/15;SESCOOP;03.087.543/0001-86;25082901.0
dez/15;SDR;420013 / 00001;18935023.0
dez/15;APEX-BR;05.507.500/0001-38;35780894.0
dez/15;ABDI;07.200.966/0001-11;5126142.0
jan/16;FNDE;153173 / 15253;2641342636.0
jan/16;INCRA;373001 / 37201;184369799.0
jan/16;SENAI;33.564.543/0001-90;206590219.0
jan/16;SESI;33.641.358/0001-52;295942048.0
jan/16;SENAC;33.469.172/0001-68;341443629.0
jan/16;SESC;33.469.164/0001-11;616112072.0
jan/16;SEBRAE;00.330.854/0001-45;427854975.0
jan/16;EMBRATUR;35.842.428/0001-66;0.0
jan/16;DPC;852001 / 00001;19619304.0
jan/16;ANAC;122002 / 00001;29767428.0
jan/16;SENAR;37.138.245/0001-90;49508667.0
jan/16;SEST;73.471.989/0001-95;57950675.0
jan/16;SENAT;73.471.963/0001-47;37579076.0
jan/16;SESCOOP;03.087.543/0001-86;43435416.0
jan/16;SDR;420013 / 00001;32532048.0
jan/16;APEX-BR;05.507.500/0001-38;61982179.0
jan/16;ABDI;07.200.966/0001-11;8879876.0
fev/16;FNDE;153173 / 15253;1561552120.0
fev/16;INCRA;373001 / 37201;108896716.0
fev/16;SENAI;33.564.543/0001-90;126387105.0
fev/16;SESI;33.641.358/0001-52;181272664.0
fev/16;SENAC;33.469.172/0001-68;204004841.0
fev/16;SESC;33.469.164/0001-11;368394356.0
fev/16;SEBRAE;00.330.854/0001-45;256686003.0
fev/16;EMBRATUR;35.842.428/0001-66;0.0
fev/16;DPC;852001 / 00001;13112651.0
fev/16;ANAC;122002 / 00001;21368230.0
fev/16;SENAR;37.138.245/0001-90;47883790.0
fev/16;SEST;73.471.989/0001-95;35750274.0
fev/16;SENAT;73.471.963/0001-47;22783314.0
fev/16;SESCOOP;03.087.543/0001-86;24725690.0
fev/16;SDR;420013 / 00001;19205062.0
fev/16;APEX-BR;05.507.500/0001-38;37086041.0
fev/16;ABDI;07.200.966/0001-11;5313125.0
mar/16;FNDE;153173 / 15253;1530800283.0
mar/16;INCRA;373001 / 37201;108377346.0
mar/16;SENAI;33.564.543/0001-90;122383201.0
mar/16;SESI;33.641.358/0001-52;175527864.0
mar/16;SENAC;33.469.172/0001-68;202830494.0
mar/16;SESC;33.469.164/0001-11;364750091.0
mar/16;SEBRAE;00.330.854/0001-45;250966990.0
mar/16;EMBRATUR;35.842.428/0001-66;0.0
mar/16;DPC;852001 / 00001;12413229.0
mar/16;ANAC;122002 / 00001;18258660.0
mar/16;SENAR;37.138.245/0001-90;47820863.0
mar/16;SEST;73.471.989/0001-95;34955731.0
mar/16;SENAT;73.471.963/0001-47;22512395.0
mar/16;SESCOOP;03.087.543/0001-86;24991432.0
mar/16;SDR;420013 / 00001;19115041.0
mar/16;APEX-BR;05.507.500/0001-38;36272504.0
mar/16;ABDI;07.200.966/0001-11;5196571.0
abr/16;FNDE;153173 / 15253;1528966346.0
abr/16;INCRA;373001 / 37201;109831194.0
abr/16;SENAI;33.564.543/0001-90;119621420.0
abr/16;SESI;33.641.358/0001-52;172076300.0
abr/16;SENAC;33.469.172/0001-68;203696264.0
abr/16;SESC;33.469.164/0001-11;366728299.0
abr/16;SEBRAE;00.330.854/0001-45;247671943.0
abr/16;EMBRATUR;35.842.428/0001-66;0.0
abr/16;DPC;852001 / 00001;12767809.0
abr/16;ANAC;122002 / 00001;17381576.0
abr/16;SENAR;37.138.245/0001-90;63908355.0
abr/16;SEST;73.471.989/0001-95;36483309.0
abr/16;SENAT;73.471.963/0001-47;23138349.0
abr/16;SESCOOP;03.087.543/0001-86;25517130.0
abr/16;SDR;420013 / 00001;19349348.0
abr/16;APEX-BR;05.507.500/0001-38;35970070.0
abr/16;ABDI;07.200.966/0001-11;5157779.0
mai/16;FNDE;153173 / 15253;1516892712.0
mai/16;INCRA;373001 / 37201;108268397.0
mai/16;SENAI;33.564.543/0001-90;119127791.0
mai/16;SESI;33.641.358/0001-52;170318209.0
mai/16;SENAC;33.469.172/0001-68;201282019.0
mai/16;SESC;33.469.164/0001-11;362275318.0
mai/16;SEBRAE;00.330.854/0001-45;246943494.0
mai/16;EMBRATUR;35.842.428/0001-66;0.0
mai/16;DPC;852001 / 00001;12409046.0
mai/16;ANAC;122002 / 00001;19313677.0
mai/16;SENAR;37.138.245/0001-90;79546181.0
mai/16;SEST;73.471.989/0001-95;36145029.0
mai/16;SENAT;73.471.963/0001-47;22936647.0
mai/16;SESCOOP;03.087.543/0001-86;24740018.0
mai/16;SDR;420013 / 00001;19095257.0
mai/16;APEX-BR;05.507.500/0001-38;35892379.0
mai/16;ABDI;07.200.966/0001-11;5145673.0
jun/16;FNDE;153173 / 15253;1509666579.0
jun/16;INCRA;373001 / 37201;107413776.0
jun/16;SENAI;33.564.543/0001-90;117979521.0
jun/16;SESI;33.641.358/0001-52;169891463.0
jun/16;SENAC;33.469.172/0001-68;201597396.0
jun/16;SESC;33.469.164/0001-11;364622706.0
jun/16;SEBRAE;00.330.854/0001-45;246925570.0
jun/16;EMBRATUR;35.842.428/0001-66;0.0
jun/16;DPC;852001 / 00001;12191203.0
jun/16;ANAC;122002 / 00001;17529922.0
jun/16;SENAR;37.138.245/0001-90;73787196.0
jun/16;SEST;73.471.989/0001-95;37319302.0
jun/16;SENAT;73.471.963/0001-47;23522935.0
jun/16;SESCOOP;03.087.543/0001-86;24688810.0
jun/16;SDR;420013 / 00001;18941515.0
jun/16;APEX-BR;05.507.500/0001-38;35886008.0
jun/16;ABDI;07.200.966/0001-11;5145221.0
jul/16;FNDE;153173 / 15253;1508243008.0
jul/16;INCRA;373001 / 37201;107299542.0
jul/16;SENAI;33.564.543/0001-90;117872161.0
jul/16;SESI;33.641.358/0001-52;170194629.0
jul/16;SENAC;33.469.172/0001-68;201560599.0
jul/16;SESC;33.469.164/0001-11;364791516.0
jul/16;SEBRAE;00.330.854/0001-45;246071875.0
jul/16;EMBRATUR;35.842.428/0001-66;0.0
jul/16;DPC;852001 / 00001;12461579.0
jul/16;ANAC;122002 / 00001;17073331.0
jul/16;SENAR;37.138.245/0001-90;70333932.0
jul/16;SEST;73.471.989/0001-95;36758381.0
jul/16;SENAT;73.471.963/0001-47;23511519.0
jul/16;SESCOOP;03.087.543/0001-86;24125101.0
jul/16;SDR;420013 / 00001;18923752.0
jul/16;APEX-BR;05.507.500/0001-38;35764920.0
jul/16;ABDI;07.200.966/0001-11;5127220.0
ago/16;FNDE;153173 / 15253;1507691739.0
ago/16;INCRA;373001 / 37201;107173149.0
ago/16;SENAI;33.564.543/0001-90;120585915.0
ago/16;SESI;33.641.358/0001-52;170353966.0
ago/16;SENAC;33.469.172/0001-68;201108906.0
ago/16;SESC;33.469.164/0001-11;364193406.0
ago/16;SEBRAE;00.330.854/0001-45;245916784.0
ago/16;EMBRATUR;35.842.428/0001-66;0.0
ago/16;DPC;852001 / 00001;11942655.0
ago/16;ANAC;122002 / 00001;17078560.0
ago/16;SENAR;37.138.245/0001-90;68972852.0
ago/16;SEST;73.471.989/0001-95;37749731.0
ago/16;SENAT;73.471.963/0001-47;23883954.0
ago/16;SESCOOP;03.087.543/0001-86;25354097.0
ago/16;SDR;420013 / 00001;18900864.0
ago/16;APEX-BR;05.507.500/0001-38;35741610.0
ago/16;ABDI;07.200.966/0001-11;5123894.0
set/16;FNDE;153173 / 15253;1532494539.0
set/16;INCRA;373001 / 37201;109284187.0
set/16;SENAI;33.564.543/0001-90;119636151.0
set/16;SESI;33.641.358/0001-52;171178904.0
set/16;SENAC;33.469.172/0001-68;203456829.0
set/16;SESC;33.469.164/0001-11;370276641.0
set/16;SEBRAE;00.330.854/0001-45;249118519.0
set/16;EMBRATUR;35.842.428/0001-66;0.0
set/16;DPC;852001 / 00001;12385763.0
set/16;ANAC;122002 / 00001;17953196.0
set/16;SENAR;37.138.245/0001-90;62038443.0
set/16;SEST;73.471.989/0001-95;39205389.0
set/16;SENAT;73.471.963/0001-47;24699514.0
set/16;SESCOOP;03.087.543/0001-86;25300940.0
set/16;SDR;420013 / 00001;19274012.0
set/16;APEX-BR;05.507.500/0001-38;36207965.0
set/16;ABDI;07.200.966/0001-11;5190837.0
out/16;FNDE;153173 / 15253;1508696077.0
out/16;INCRA;373001 / 37201;107424270.0
out/16;SENAI;33.564.543/0001-90;117700984.0
out/16;SESI;33.641.358/0001-52;167921658.0
out/16;SENAC;33.469.172/0001-68;200823518.0
out/16;SESC;33.469.164/0001-11;362100502.0
out/16;SEBRAE;00.330.854/0001-45;245199472.0
out/16;EMBRATUR;35.842.428/0001-66;0.0
out/16;DPC;852001 / 00001;11980558.0
out/16;ANAC;122002 / 00001;17670036.0
out/16;SENAR;37.138.245/0001-90;62350157.0
out/16;SEST;73.471.989/0001-95;38498980.0
out/16;SENAT;73.471.963/0001-47;24257440.0
out/16;SESCOOP;03.087.543/0001-86;25172112.0
out/16;SDR;420013 / 00001;18942562.0
out/16;APEX-BR;05.507.500/0001-38;35633854.0
out/16;ABDI;07.200.966/0001-11;5108221.0
nov/16;FNDE;153173 / 15253;1513447335.0
nov/16;INCRA;373001 / 37201;108428690.0
nov/16;SENAI;33.564.543/0001-90;115509710.0
nov/16;SESI;33.641.358/0001-52;164748587.0
nov/16;SENAC;33.469.172/0001-68;204228711.0
nov/16;SESC;33.469.164/0001-11;368469675.0
nov/16;SEBRAE;00.330.854/0001-45;246228294.0
nov/16;EMBRATUR;35.842.428/0001-66;0.0
nov/16;DPC;852001 / 00001;12927844.0
nov/16;ANAC;122002 / 00001;18599839.0
nov/16;SENAR;37.138.245/0001-90;60921075.0
nov/16;SEST;73.471.989/0001-95;38350276.0
nov/16;SENAT;73.471.963/0001-47;24704920.0
nov/16;SESCOOP;03.087.543/0001-86;25281760.0
nov/16;SDR;420013 / 00001;19122502.0
nov/16;APEX-BR;05.507.500/0001-38;35888775.0
nov/16;ABDI;07.200.966/0001-11;5859461.0
dez/16;FNDE;153173 / 15253;1546232107.0
dez/16;INCRA;373001 / 37201;110405058.0
dez/16;SENAI;33.564.543/0001-90;116685279.0
dez/16;SESI;33.641.358/0001-52;166083645.0
dez/16;SENAC;33.469.172/0001-68;205439362.0
dez/16;SESC;33.469.164/0001-11;370261203.0
dez/16;SEBRAE;00.330.854/0001-45;247453900.0
dez/16;EMBRATUR;35.842.428/0001-66;0.0
dez/16;DPC;852001 / 00001;11659882.0
dez/16;ANAC;122002 / 00001;18790089.0
dez/16;SENAR;37.138.245/0001-90;57157293.0
dez/16;SEST;73.471.989/0001-95;38242492.0
dez/16;SENAT;73.471.963/0001-47;24056099.0
dez/16;SESCOOP;03.087.543/0001-86;26006277.0
dez/16;SDR;420013 / 00001;19478451.0
dez/16;APEX-BR;05.507.500/0001-38;36076902.0
dez/16;ABDI;07.200.966/0001-11;5890174.0
jan/17;FNDE;153173 / 15253;2719560019.0
jan/17;INCRA;373001 / 37201;192614501.0
jan/17;SENAI;33.564.543/0001-90;195510573.0
jan/17;SESI;33.641.358/0001-52;278280064.0
jan/17;SENAC;33.469.172/0001-68;362480165.0
jan/17;SESC;33.469.164/0001-11;659533185.0
jan/17;SEBRAE;00.330.854/0001-45;436906000.0
jan/17;EMBRATUR;35.842.428/0001-66;0.0
jan/17;DPC;852001 / 00001;20281534.0
jan/17;ANAC;122002 / 00001;32072735.0
jan/17;SENAR;37.138.245/0001-90;54514766.0
jan/17;SEST;73.471.989/0001-95;61283907.0
jan/17;SENAT;73.471.963/0001-47;39525947.0
jan/17;SESCOOP;03.087.543/0001-86;48653186.0
jan/17;SDR;420013 / 00001;33978648.0
jan/17;APEX-BR;05.507.500/0001-38;63692770.0
jan/17;ABDI;07.200.966/0001-11;10398892.0
fev/17;FNDE;153173 / 15253;1565756519.0
fev/17;INCRA;373001 / 37201;111163163.0
fev/17;SENAI;33.564.543/0001-90;118256846.0
fev/17;SESI;33.641.358/0001-52;167938770.0
fev/17;SENAC;33.469.172/0001-68;213183588.0
fev/17;SESC;33.469.164/0001-11;386724661.0
fev/17;SEBRAE;00.330.854/0001-45;255305221.0
fev/17;EMBRATUR;35.842.428/0001-66;0.0
fev/17;DPC;852001 / 00001;12550428.0
fev/17;ANAC;122002 / 00001;17528165.0
fev/17;SENAR;37.138.245/0001-90;49945186.0
fev/17;SEST;73.471.989/0001-95;37692320.0
fev/17;SENAT;73.471.963/0001-47;23651156.0
fev/17;SESCOOP;03.087.543/0001-86;27300094.0
fev/17;SDR;420013 / 00001;19603138.0
fev/17;APEX-BR;05.507.500/0001-38;36988184.0
fev/17;ABDI;07.200.966/0001-11;6038874.0
mar/17;FNDE;153173 / 15253;1548248317.0
mar/17;INCRA;373001 / 37201;109309496.0
mar/17;SENAI;33.564.543/0001-90;112145703.0
mar/17;SESI;33.641.358/0001-52;160025709.0
mar/17;SENAC;33.469.172/0001-68;208339070.0
mar/17;SESC;33.469.164/0001-11;379113965.0
mar/17;SEBRAE;00.330.854/0001-45;249394900.0
mar/17;EMBRATUR;35.842.428/0001-66;0.0
mar/17;DPC;852001 / 00001;11795997.0
mar/17;ANAC;122002 / 00001;18305695.0
mar/17;SENAR;37.138.245/0001-90;48325796.0
mar/17;SEST;73.471.989/0001-95;35984706.0
mar/17;SENAT;73.471.963/0001-47;22577514.0
mar/17;SESCOOP;03.087.543/0001-86;26526808.0
mar/17;SDR;420013 / 00001;19238563.0
mar/17;APEX-BR;05.507.500/0001-38;36298898.0
mar/17;ABDI;07.200.966/0001-11;5926422.0
abr/17;FNDE;153173 / 15253;1560713935.0
abr/17;INCRA;373001 / 37201;110767847.0
abr/17;SENAI;33.564.543/0001-90;113425258.0
abr/17;SESI;33.641.358/0001-52;161952385.0
abr/17;SENAC;33.469.172/0001-68;210355750.0
abr/17;SESC;33.469.164/0001-11;379964945.0
abr/17;SEBRAE;00.330.854/0001-45;250714994.0
abr/17;EMBRATUR;35.842.428/0001-66;0.0
abr/17;DPC;852001 / 00001;12709295.0
abr/17;ANAC;122002 / 00001;17685865.0
abr/17;SENAR;37.138.245/0001-90;64552019.0
abr/17;SEST;73.471.989/0001-95;37524795.0
abr/17;SENAT;73.471.963/0001-47;23668078.0
abr/17;SESCOOP;03.087.543/0001-86;26601654.0
abr/17;SDR;420013 / 00001;19534962.0
abr/17;APEX-BR;05.507.500/0001-38;36542570.0
abr/17;ABDI;07.200.966/0001-11;5966232.0
mai/17;FNDE;153173 / 15253;1535979498.0
mai/17;INCRA;373001 / 37201;109261366.0
mai/17;SENAI;33.564.543/0001-90;112748383.0
mai/17;SESI;33.641.358/0001-52;160104982.0
mai/17;SENAC;33.469.172/0001-68;206526797.0
mai/17;SESC;33.469.164/0001-11;372910277.0
mai/17;SEBRAE;00.330.854/0001-45;248935171.0
mai/17;EMBRATUR;35.842.428/0001-66;0.0
mai/17;DPC;852001 / 00001;12216827.0
mai/17;ANAC;122002 / 00001;17277805.0
mai/17;SENAR;37.138.245/0001-90;83955034.0
mai/17;SEST;73.471.989/0001-95;38292139.0
mai/17;SENAT;73.471.963/0001-47;24113506.0
mai/17;SESCOOP;03.087.543/0001-86;26730534.0
mai/17;SDR;420013 / 00001;19268703.0
mai/17;APEX-BR;05.507.500/0001-38;36282503.0
mai/17;ABDI;07.200.966/0001-11;5923773.0
jun/17;FNDE;153173 / 15253;1568881986.0
jun/17;INCRA;373001 / 37201;112028525.0
jun/17;SENAI;33.564.543/0001-90;114823853.0
jun/17;SESI;33.641.358/0001-52;163229045.0
jun/17;SENAC;33.469.172/0001-68;214256135.0
jun/17;SESC;33.469.164/0001-11;388141110.0
jun/17;SEBRAE;00.330.854/0001-45;253382084.0
jun/17;EMBRATUR;35.842.428/0001-66;0.0
jun/17;DPC;852001 / 00001;12288117.0
jun/17;ANAC;122002 / 00001;18744632.0
jun/17;SENAR;37.138.245/0001-90;69562429.0
jun/17;SEST;73.471.989/0001-95;38365845.0
jun/17;SENAT;73.471.963/0001-47;24201400.0
jun/17;SESCOOP;03.087.543/0001-86;27312313.0
jun/17;SDR;420013 / 00001;19757997.0
jun/17;APEX-BR;05.507.500/0001-38;36932210.0
jun/17;ABDI;07.200.966/0001-11;6029862.0
jul/17;FNDE;153173 / 15253;1545570493.0
jul/17;INCRA;373001 / 37201;110133733.0
jul/17;SENAI;33.564.543/0001-90;113041104.0
jul/17;SESI;33.641.358/0001-52;161742520.0
jul/17;SENAC;33.469.172/0001-68;210357945.0
jul/17;SESC;33.469.164/0001-11;381612994.0
jul/17;SEBRAE;00.330.854/0001-45;250294029.0
jul/17;EMBRATUR;35.842.428/0001-66;0.0
jul/17;DPC;852001 / 00001;12223731.0
jul/17;ANAC;122002 / 00001;18195489.0
jul/17;SENAR;37.138.245/0001-90;79876372.0
jul/17;SEST;73.471.989/0001-95;39031391.0
jul/17;SENAT;73.471.963/0001-47;24552802.0
jul/17;SESCOOP;03.087.543/0001-86;27176756.0
jul/17;SDR;420013 / 00001;19424430.0
jul/17;APEX-BR;05.507.500/0001-38;36482985.0
jul/17;ABDI;07.200.966/0001-11;5956499.0
ago/17;FNDE;153173 / 15253;1556726519.0
ago/17;INCRA;373001 / 37201;111266218.0
ago/17;SENAI;33.564.543/0001-90;113931222.0
ago/17;SESI;33.641.358/0001-52;162890307.0
ago/17;SENAC;33.469.172/0001-68;211928562.0
ago/17;SESC;33.469.164/0001-11;384238969.0
ago/17;SEBRAE;00.330.854/0001-45;251941802.0
ago/17;EMBRATUR;35.842.428/0001-66;0.0
ago/17;DPC;852001 / 00001;12022854.0
ago/17;ANAC;122002 / 00001;16855338.0
ago/17;SENAR;37.138.245/0001-90;73862839.0
ago/17;SEST;73.471.989/0001-95;39710791.0
ago/17;SENAT;73.471.963/0001-47;25063535.0
ago/17;SESCOOP;03.087.543/0001-86;27757278.0
ago/17;SDR;420013 / 00001;19623675.0
ago/17;APEX-BR;05.507.500/0001-38;36722466.0
ago/17;ABDI;07.200.966/0001-11;5995597.0
set/17;FNDE;153173 / 15253;1581716024.0
set/17;INCRA;373001 / 37201;113084889.0
set/17;SENAI;33.564.543/0001-90;118754854.0
set/17;SESI;33.641.358/0001-52;169680795.0
set/17;SENAC;33.469.172/0001-68;214106173.0
set/17;SESC;33.469.164/0001-11;391368909.0
set/17;SEBRAE;00.330.854/0001-45;257263963.0
set/17;EMBRATUR;35.842.428/0001-66;0.0
set/17;DPC;852001 / 00001;12513184.0
set/17;ANAC;122002 / 00001;18484770.0
set/17;SENAR;37.138.245/0001-90;78087501.0
set/17;SEST;73.471.989/0001-95;40989433.0
set/17;SENAT;73.471.963/0001-47;25762395.0
set/17;SESCOOP;03.087.543/0001-86;27886944.0
set/17;SDR;420013 / 00001;19944891.0
set/17;APEX-BR;05.507.500/0001-38;37498873.0
set/17;ABDI;07.200.966/0001-11;6122411.0
out/17;FNDE;153173 / 15253;1554720154.0
out/17;INCRA;373001 / 37201;111075380.0
out/17;SENAI;33.564.543/0001-90;114132533.0
out/17;SESI;33.641.358/0001-52;163327551.0
out/17;SENAC;33.469.172/0001-68;212741789.0
out/17;SESC;33.469.164/0001-11;384870409.0
out/17;SEBRAE;00.330.854/0001-45;254897197.0
out/17;EMBRATUR;35.842.428/0001-66;0.0
out/17;DPC;852001 / 00001;12120128.0
out/17;ANAC;122002 / 00001;18167462.0
out/17;SENAR;37.138.245/0001-90;73113368.0
out/17;SEST;73.471.989/0001-95;40628057.0
out/17;SENAT;73.471.963/0001-47;25384799.0
out/17;SESCOOP;03.087.543/0001-86;29147727.0
out/17;SDR;420013 / 00001;19558167.0
out/17;APEX-BR;05.507.500/0001-38;37111665.0
out/17;ABDI;07.200.966/0001-11;6059191.0
nov/17;FNDE;153173 / 15253;1555582086.0
nov/17;INCRA;373001 / 37201;110982973.0
nov/17;SENAI;33.564.543/0001-90;116102038.0
nov/17;SESI;33.641.358/0001-52;166009800.0
nov/17;SENAC;33.469.172/0001-68;213318033.0
nov/17;SESC;33.469.164/0001-11;386206656.0
nov/17;SEBRAE;00.330.854/0001-45;257104763.0
nov/17;EMBRATUR;35.842.428/0001-66;0.0
nov/17;DPC;852001 / 00001;12216007.0
nov/17;ANAC;122002 / 00001;17597668.0
nov/17;SENAR;37.138.245/0001-90;83260366.0
nov/17;SEST;73.471.989/0001-95;41195035.0
nov/17;SENAT;73.471.963/0001-47;25890831.0
nov/17;SESCOOP;03.087.543/0001-86;28597078.0
nov/17;SDR;420013 / 00001;19574705.0
nov/17;APEX-BR;05.507.500/0001-38;37476624.0
nov/17;ABDI;07.200.966/0001-11;6118789.0
dez/17;FNDE;153173 / 15253;1561171549.0
dez/17;INCRA;373001 / 37201;111557311.0
dez/17;SENAI;33.564.543/0001-90;121475712.0
dez/17;SESI;33.641.358/0001-52;171991610.0
dez/17;SENAC;33.469.172/0001-68;261103472.0
dez/17;SESC;33.469.164/0001-11;396213121.0
dez/17;SEBRAE;00.330.854/0001-45;330175604.0
dez/17;EMBRATUR;35.842.428/0001-66;0.0
dez/17;DPC;852001 / 00001;11929161.0
dez/17;ANAC;122002 / 00001;17342889.0
dez/17;SENAR;37.138.245/0001-90;70053416.0
dez/17;SEST;73.471.989/0001-95;47960907.0
dez/17;SENAT;73.471.963/0001-47;28600326.0
dez/17;SESCOOP;03.087.543/0001-86;29276590.0
dez/17;SDR;420013 / 00001;19679717.0
dez/17;APEX-BR;05.507.500/0001-38;48136455.0
dez/17;ABDI;07.200.966/0001-11;7859179.0
jan/18;FNDE;153173 / 15253;2800035912.0
jan/18;INCRA;373001 / 37201;199828235.0
jan/18;SENAI;33.564.543/0001-90;216977540.0
jan/18;SESI;33.641.358/0001-52;296152526.0
jan/18;SENAC;33.469.172/0001-68;429595056.0
jan/18;SESC;33.469.164/0001-11;709549806.0
jan/18;SEBRAE;00.330.854/0001-45;539119770.0
jan/18;EMBRATUR;35.842.428/0001-66;0.0
jan/18;DPC;852001 / 00001;21184040.0
jan/18;ANAC;122002 / 00001;32872240.0
jan/18;SENAR;37.138.245/0001-90;97632611.0
jan/18;SEST;73.471.989/0001-95;73525540.0
jan/18;SENAT;73.471.963/0001-47;45908464.0
jan/18;SESCOOP;03.087.543/0001-86;53955735.0
jan/18;SDR;420013 / 00001;35252199.0
jan/18;APEX-BR;05.507.500/0001-38;78598037.0
jan/18;ABDI;07.200.966/0001-11;12832515.0
fev/18;FNDE;153173 / 15253;1610944379.0
fev/18;INCRA;373001 / 37201;115044658.0
fev/18;SENAI;33.564.543/0001-90;119453424.0
fev/18;SESI;33.641.358/0001-52;170322505.0
fev/18;SENAC;33.469.172/0001-68;222164680.0
fev/18;SESC;33.469.164/0001-11;404395986.0
fev/18;SEBRAE;00.330.854/0001-45;265515838.0
fev/18;EMBRATUR;35.842.428/0001-66;0.0
fev/18;DPC;852001 / 00001;12579069.0
fev/18;ANAC;122002 / 00001;18844656.0
fev/18;SENAR;37.138.245/0001-90;64259876.0
fev/18;SEST;73.471.989/0001-95;42011196.0
fev/18;SENAT;73.471.963/0001-47;26280417.0
fev/18;SESCOOP;03.087.543/0001-86;29994816.0
fev/18;SDR;420013 / 00001;20290775.0
fev/18;APEX-BR;05.507.500/0001-38;38704302.0
fev/18;ABDI;07.200.966/0001-11;6319228.0
mar/18;FNDE;153173 / 15253;1594471435.0
mar/18;INCRA;373001 / 37201;114998630.0
mar/18;SENAI;33.564.543/0001-90;112513853.0
mar/18;SESI;33.641.358/0001-52;161249138.0
mar/18;SENAC;33.469.172/0001-68;218614123.0
mar/18;SESC;33.469.164/0001-11;394816301.0
mar/18;SEBRAE;00.330.854/0001-45;258138998.0
mar/18;EMBRATUR;35.842.428/0001-66;0.0
mar/18;DPC;852001 / 00001;12364890.0
mar/18;ANAC;122002 / 00001;18618334.0
mar/18;SENAR;37.138.245/0001-90;61865847.0
mar/18;SEST;73.471.989/0001-95;38083519.0
mar/18;SENAT;73.471.963/0001-47;24001336.0
mar/18;SESCOOP;03.087.543/0001-86;29230081.0
mar/18;SDR;420013 / 00001;20280541.0
mar/18;APEX-BR;05.507.500/0001-38;37623756.0
mar/18;ABDI;07.200.966/0001-11;6142802.0
abr/18;FNDE;153173 / 15253;1572660874.0
abr/18;INCRA;373001 / 37201;113071451.0
abr/18;SENAI;33.564.543/0001-90;111255656.0
abr/18;SESI;33.641.358/0001-52;159389391.0
abr/18;SENAC;33.469.172/0001-68;216333416.0
abr/18;SESC;33.469.164/0001-11;388746629.0
abr/18;SEBRAE;00.330.854/0001-45;252299672.0
abr/18;EMBRATUR;35.842.428/0001-66;0.0
abr/18;DPC;852001 / 00001;12124921.0
abr/18;ANAC;122002 / 00001;18083260.0
abr/18;SENAR;37.138.245/0001-90;88705529.0
abr/18;SEST;73.471.989/0001-95;38260990.0
abr/18;SENAT;73.471.963/0001-47;24135166.0
abr/18;SESCOOP;03.087.543/0001-86;29009799.0
abr/18;SDR;420013 / 00001;19976895.0
abr/18;APEX-BR;05.507.500/0001-38;36820058.0
abr/18;ABDI;07.200.966/0001-11;6011587.0
mai/18;FNDE;153173 / 15253;1588651270.0
mai/18;INCRA;373001 / 37201;114555379.0
mai/18;SENAI;33.564.543/0001-90;113390499.0
mai/18;SESI;33.641.358/0001-52;162016553.0
mai/18;SENAC;33.469.172/0001-68;217807585.0
mai/18;SESC;33.469.164/0001-11;395044469.0
mai/18;SEBRAE;00.330.854/0001-45;192086606.0
mai/18;EMBRATUR;35.842.428/0001-66;0.0
mai/18;DPC;852001 / 00001;12068490.0
mai/18;ANAC;122002 / 00001;17670872.0
mai/18;SENAR;37.138.245/0001-90;112027735.0
mai/18;SEST;73.471.989/0001-95;41378036.0
mai/18;SENAT;73.471.963/0001-47;25856252.0
mai/18;SESCOOP;03.087.543/0001-86;29460052.0
mai/18;SDR;420013 / 00001;20202072.0
mai/18;APEX-BR;05.507.500/0001-38;37556392.0
mai/18;ABDI;07.200.966/0001-11;71724479.0
jun/18;FNDE;153173 / 15253;1582747831.0
jun/18;INCRA;373001 / 37201;113599653.0
jun/18;SENAI;33.564.543/0001-90;113889725.0
jun/18;SESI;33.641.358/0001-52;162946304.0
jun/18;SENAC;33.469.172/0001-68;218610995.0
jun/18;SESC;33.469.164/0001-11;394893071.0
jun/18;SEBRAE;00.330.854/0001-45;257289254.0
jun/18;EMBRATUR;35.842.428/0001-66;0.0
jun/18;DPC;852001 / 00001;12537154.0
jun/18;ANAC;122002 / 00001;17979480.0
jun/18;SENAR;37.138.245/0001-90;115492472.0
jun/18;SEST;73.471.989/0001-95;41122055.0
jun/18;SENAT;73.471.963/0001-47;25780137.0
jun/18;SESCOOP;03.087.543/0001-86;29782485.0
jun/18;SDR;420013 / 00001;20035640.0
jun/18;APEX-BR;05.507.500/0001-38;37502441.0
jun/18;ABDI;07.200.966/0001-11;6122995.0
jul/18;FNDE;153173 / 15253;1577909338.0
jul/18;INCRA;373001 / 37201;113418200.0
jul/18;SENAI;33.564.543/0001-90;112800343.0
jul/18;SESI;33.641.358/0001-52;161160829.0
jul/18;SENAC;33.469.172/0001-68;217617488.0
jul/18;SESC;33.469.164/0001-11;392182422.0
jul/18;SEBRAE;00.330.854/0001-45;255914320.0
jul/18;EMBRATUR;35.842.428/0001-66;0.0
jul/18;DPC;852001 / 00001;12959143.0
jul/18;ANAC;122002 / 00001;18697275.0
jul/18;SENAR;37.138.245/0001-90;91957665.0
jul/18;SEST;73.471.989/0001-95;40396158.0
jul/18;SENAT;73.471.963/0001-47;25462767.0
jul/18;SESCOOP;03.087.543/0001-86;29004815.0
jul/18;SDR;420013 / 00001;20002439.0
jul/18;APEX-BR;05.507.500/0001-38;37300403.0
jul/18;ABDI;07.200.966/0001-11;6090012.0
ago/18;FNDE;153173 / 15253;1573545353.0
ago/18;INCRA;373001 / 37201;113573852.0
ago/18;SENAI;33.564.543/0001-90;112330415.0
ago/18;SESI;33.641.358/0001-52;160695243.0
ago/18;SENAC;33.469.172/0001-68;217215045.0
ago/18;SESC;33.469.164/0001-11;394220279.0
ago/18;SEBRAE;00.330.854/0001-45;255453189.0
ago/18;EMBRATUR;35.842.428/0001-66;0.0
ago/18;DPC;852001 / 00001;11650102.0
ago/18;ANAC;122002 / 00001;18184212.0
ago/18;SENAR;37.138.245/0001-90;98685008.0
ago/18;SEST;73.471.989/0001-95;43139692.0
ago/18;SENAT;73.471.963/0001-47;26700056.0
ago/18;SESCOOP;03.087.543/0001-86;29487425.0
ago/18;SDR;420013 / 00001;19987074.0
ago/18;APEX-BR;05.507.500/0001-38;37177003.0
ago/18;ABDI;07.200.966/0001-11;6069871.0
set/18;FNDE;153173 / 15253;1639366442.0
set/18;INCRA;373001 / 37201;117931478.0
set/18;SENAI;33.564.543/0001-90;117879275.0
set/18;SESI;33.641.358/0001-52;168810282.0
set/18;SENAC;33.469.172/0001-68;226389735.0
set/18;SESC;33.469.164/0001-11;409696076.0
set/18;SEBRAE;00.330.854/0001-45;266496070.0
set/18;EMBRATUR;35.842.428/0001-66;0.0
set/18;DPC;852001 / 00001;11542392.0
set/18;ANAC;122002 / 00001;18071258.0
set/18;SENAR;37.138.245/0001-90;95968747.0
set/18;SEST;73.471.989/0001-95;45340891.0
set/18;SENAT;73.471.963/0001-47;28306396.0
set/18;SESCOOP;03.087.543/0001-86;28906897.0
set/18;SDR;420013 / 00001;20800004.0
set/18;APEX-BR;05.507.500/0001-38;38844861.0
set/18;ABDI;07.200.966/0001-11;6342163.0
out/18;FNDE;153173 / 15253;1525126063.0
out/18;INCRA;373001 / 37201;120979982.0
out/18;SENAI;33.564.543/0001-90;110164666.0
out/18;SESI;33.641.358/0001-52;157423045.0
out/18;SENAC;33.469.172/0001-68;208683788.0
out/18;SESC;33.469.164/0001-11;379119439.0
out/18;SEBRAE;00.330.854/0001-45;242977767.0
out/18;EMBRATUR;35.842.428/0001-66;0.0
out/18;DPC;852001 / 00001;11215874.0
out/18;ANAC;122002 / 00001;17001170.0
out/18;SENAR;37.138.245/0001-90;92001809.0
out/18;SEST;73.471.989/0001-95;41819755.0
out/18;SENAT;73.471.963/0001-47;26614369.0
out/18;SESCOOP;03.087.543/0001-86;27574842.0
out/18;SDR;420013 / 00001;9081115.0
out/18;APEX-BR;05.507.500/0001-38;35413459.0
out/18;ABDI;07.200.966/0001-11;5781949.0
nov/18;FNDE;153173 / 15253;1593844416.0
nov/18;INCRA;373001 / 37201;126527407.0
nov/18;SENAI;33.564.543/0001-90;113291706.0
nov/18;SESI;33.641.358/0001-52;162249001.0
nov/18;SENAC;33.469.172/0001-68;217599574.0
nov/18;SESC;33.469.164/0001-11;392726425.0
nov/18;SEBRAE;00.330.854/0001-45;254794720.0
nov/18;EMBRATUR;35.842.428/0001-66;0.0
nov/18;DPC;852001 / 00001;11546004.0
nov/18;ANAC;122002 / 00001;16718708.0
nov/18;SENAR;37.138.245/0001-90;90445671.0
nov/18;SEST;73.471.989/0001-95;42971178.0
nov/18;SENAT;73.471.963/0001-47;27456501.0
nov/18;SESCOOP;03.087.543/0001-86;28005756.0
nov/18;SDR;420013 / 00001;8911100.0
nov/18;APEX-BR;05.507.500/0001-38;37131169.0
nov/18;ABDI;07.200.966/0001-11;6062402.0
dez/18;FNDE;153173 / 15253;1626809010.0
dez/18;INCRA;373001 / 37201;129563614.0
dez/18;SENAI;33.564.543/0001-90;112676412.0
dez/18;SESI;33.641.358/0001-52;161874475.0
dez/18;SENAC;33.469.172/0001-68;223465587.0
dez/18;SESC;33.469.164/0001-11;402744493.0
dez/18;SEBRAE;00.330.854/0001-45;263034038.0
dez/18;EMBRATUR;35.842.428/0001-66;0.0
dez/18;DPC;852001 / 00001;12011156.0
dez/18;ANAC;122002 / 00001;17355673.0
dez/18;SENAR;37.138.245/0001-90;88365344.0
dez/18;SEST;73.471.989/0001-95;43910308.0
dez/18;SENAT;73.471.963/0001-47;28203114.0
dez/18;SESCOOP;03.087.543/0001-86;27972870.0
dez/18;SDR;420013 / 00001;8847343.0
dez/18;APEX-BR;05.507.500/0001-38;38338468.0
dez/18;ABDI;07.200.966/0001-11;6259504.0
jan/19;FNDE;153173 / 15253;2813094868.0
jan/19;INCRA;373001 / 37201;222965066.0
jan/19;SENAI;33.564.543/0001-90;190839310.0
jan/19;SESI;33.641.358/0001-52;270637167.0
jan/19;SENAC;33.469.172/0001-68;388624046.0
jan/19;SESC;33.469.164/0001-11;702782190.0
jan/19;SEBRAE;00.330.854/0001-45;451650966.0
jan/19;EMBRATUR;35.842.428/0001-66;0.0
jan/19;DPC;852001 / 00001;20017503.0
jan/19;ANAC;122002 / 00001;29322223.0
jan/19;SENAR;37.138.245/0001-90;83329998.0
jan/19;SEST;73.471.989/0001-95;66534729.0
jan/19;SENAT;73.471.963/0001-47;43301954.0
jan/19;SESCOOP;03.087.543/0001-86;53153993.0
jan/19;SDR;420013 / 00001;14796282.0
jan/19;APEX-BR;05.507.500/0001-38;65843104.0
jan/19;ABDI;07.200.966/0001-11;10750113.0
fev/19;FNDE;153173 / 15253;1731450323.0
fev/19;INCRA;373001 / 37201;138185352.0
fev/19;SENAI;33.564.543/0001-90;122123728.0
fev/19;SESI;33.641.358/0001-52;174742432.0
fev/19;SENAC;33.469.172/0001-68;238281984.0
fev/19;SESC;33.469.164/0001-11;430401793.0
fev/19;SEBRAE;00.330.854/0001-45;280030953.0
fev/19;EMBRATUR;35.842.428/0001-66;0.0
fev/19;DPC;852001 / 00001;13217532.0
fev/19;ANAC;122002 / 00001;21123059.0
fev/19;SENAR;37.138.245/0001-90;98999202.0
fev/19;SEST;73.471.989/0001-95;42958182.0
fev/19;SENAT;73.471.963/0001-47;27501632.0
fev/19;SESCOOP;03.087.543/0001-86;29830734.0
fev/19;SDR;420013 / 00001;9148009.0
fev/19;APEX-BR;05.507.500/0001-38;40812084.0
fev/19;ABDI;07.200.966/0001-11;6663400.0
mar/19;FNDE;153173 / 15253;1678669736.0
mar/19;INCRA;373001 / 37201;122922080.0
mar/19;SENAI;33.564.543/0001-90;113541855.0
mar/19;SESI;33.641.358/0001-52;163568403.0
mar/19;SENAC;33.469.172/0001-68;230598256.0
mar/19;SESC;33.469.164/0001-11;415232536.0
mar/19;SEBRAE;00.330.854/0001-45;266876164.0
mar/19;EMBRATUR;35.842.428/0001-66;0.0
mar/19;DPC;852001 / 00001;12577271.0
mar/19;ANAC;122002 / 00001;18208057.0
mar/19;SENAR;37.138.245/0001-90;79724140.0
mar/19;SEST;73.471.989/0001-95;43541901.0
mar/19;SENAT;73.471.963/0001-47;27968125.0
mar/19;SESCOOP;03.087.543/0001-86;29824430.0
mar/19;SDR;420013 / 00001;8785621.0
mar/19;APEX-BR;05.507.500/0001-38;38895728.0
mar/19;ABDI;07.200.966/0001-11;6350545.0
abr/19;FNDE;153173 / 15253;1644460287.0
abr/19;INCRA;373001 / 37201;130811739.0
abr/19;SENAI;33.564.543/0001-90;110740681.0
abr/19;SESI;33.641.358/0001-52;159445760.0
abr/19;SENAC;33.469.172/0001-68;228855859.0
abr/19;SESC;33.469.164/0001-11;409826861.0
abr/19;SEBRAE;00.330.854/0001-45;263683677.0
abr/19;EMBRATUR;35.842.428/0001-66;0.0
abr/19;DPC;852001 / 00001;12061872.0
abr/19;ANAC;122002 / 00001;16553170.0
abr/19;SENAR;37.138.245/0001-90;89251005.0
abr/19;SEST;73.471.989/0001-95;43298608.0
abr/19;SENAT;73.471.963/0001-47;27700814.0
abr/19;SESCOOP;03.087.543/0001-86;30257177.0
abr/19;SDR;420013 / 00001;8610390.0
abr/19;APEX-BR;05.507.500/0001-38;38435231.0
abr/19;ABDI;07.200.966/0001-11;6275335.0
mai/19;FNDE;153173 / 15253;1676920697.0
mai/19;INCRA;373001 / 37201;137254514.0
mai/19;SENAI;33.564.543/0001-90;116337762.0
mai/19;SESI;33.641.358/0001-52;167244213.0
mai/19;SENAC;33.469.172/0001-68;232775933.0
mai/19;SESC;33.469.164/0001-11;418109006.0
mai/19;SEBRAE;00.330.854/0001-45;271697802.0
mai/19;EMBRATUR;35.842.428/0001-66;0.0
mai/19;DPC;852001 / 00001;11216180.0
mai/19;ANAC;122002 / 00001;17340219.0
mai/19;SENAR;37.138.245/0001-90;110883914.0
mai/19;SEST;73.471.989/0001-95;45140122.0
mai/19;SENAT;73.471.963/0001-47;28931626.0
mai/19;SESCOOP;03.087.543/0001-86;30042873.0
mai/19;SDR;420013 / 00001;8952252.0
mai/19;APEX-BR;05.507.500/0001-38;39600222.0
mai/19;ABDI;07.200.966/0001-11;6465545.0
jun/19;FNDE;153173 / 15253;1658497835.0
jun/19;INCRA;373001 / 37201;135846293.0
jun/19;SENAI;33.564.543/0001-90;114147759.0
jun/19;SESI;33.641.358/0001-52;163937551.0
jun/19;SENAC;33.469.172/0001-68;230063322.0
jun/19;SESC;33.469.164/0001-11;416494689.0
jun/19;SEBRAE;00.330.854/0001-45;268535354.0
jun/19;EMBRATUR;35.842.428/0001-66;0.0
jun/19;DPC;852001 / 00001;11845122.0
jun/19;ANAC;122002 / 00001;17654969.0
jun/19;SENAR;37.138.245/0001-90;104389316.0
jun/19;SEST;73.471.989/0001-95;43065968.0
jun/19;SENAT;73.471.963/0001-47;28304440.0
jun/19;SESCOOP;03.087.543/0001-86;30845266.0
jun/19;SDR;420013 / 00001;5207701.0
jun/19;APEX-BR;05.507.500/0001-38;39140198.0
jun/19;ABDI;07.200.966/0001-11;6390502.0
jul/19;FNDE;153173 / 15253;1643105488.0
jul/19;INCRA;373001 / 37201;136626256.0
jul/19;SENAI;33.564.543/0001-90;111876166.0
jul/19;SESI;33.641.358/0001-52;160090702.0
jul/19;SENAC;33.469.172/0001-68;227989585.0
jul/19;SESC;33.469.164/0001-11;410534953.0
jul/19;SEBRAE;00.330.854/0001-45;264786608.0
jul/19;EMBRATUR;35.842.428/0001-66;0.0
jul/19;DPC;852001 / 00001;12161877.0
jul/19;ANAC;122002 / 00001;17266590.0
jul/19;SENAR;37.138.245/0001-90;107552954.0
jul/19;SEST;73.471.989/0001-95;43053899.0
jul/19;SENAT;73.471.963/0001-47;28454799.0
jul/19;SESCOOP;03.087.543/0001-86;30408187.0
jul/19;SDR;420013 / 00001;4792303.0
jul/19;APEX-BR;05.507.500/0001-38;38592816.0
jul/19;ABDI;07.200.966/0001-11;6301149.0
ago/19;FNDE;153173 / 15253;1663569656.0
ago/19;INCRA;373001 / 37201;135621503.0
ago/19;SENAI;33.564.543/0001-90;114706402.0
ago/19;SESI;33.641.358/0001-52;165019498.0
ago/19;SENAC;33.469.172/0001-68;233469667.0
ago/19;SESC;33.469.164/0001-11;420951201.0
ago/19;SEBRAE;00.330.854/0001-45;268748032.0
ago/19;EMBRATUR;35.842.428/0001-66;0.0
ago/19;DPC;852001 / 00001;12107381.0
ago/19;ANAC;122002 / 00001;17410084.0
ago/19;SENAR;37.138.245/0001-90;92271813.0
ago/19;SEST;73.471.989/0001-95;43684820.0
ago/19;SENAT;73.471.963/0001-47;29010673.0
ago/19;SESCOOP;03.087.543/0001-86;30842161.0
ago/19;SDR;420013 / 00001;4779241.0
ago/19;APEX-BR;05.507.500/0001-38;39169801.0
ago/19;ABDI;07.200.966/0001-11;6395372.0
set/19;FNDE;153173 / 15253;1712131030.0
set/19;INCRA;373001 / 37201;141151964.0
set/19;SENAI;33.564.543/0001-90;118212686.0
set/19;SESI;33.641.358/0001-52;169950572.0
set/19;SENAC;33.469.172/0001-68;239504611.0
set/19;SESC;33.469.164/0001-11;431250779.0
set/19;SEBRAE;00.330.854/0001-45;277087101.0
set/19;EMBRATUR;35.842.428/0001-66;0.0
set/19;DPC;852001 / 00001;12339005.0
set/19;ANAC;122002 / 00001;18841848.0
set/19;SENAR;37.138.245/0001-90;102265544.0
set/19;SEST;73.471.989/0001-95;46071467.0
set/19;SENAT;73.471.963/0001-47;30490447.0
set/19;SESCOOP;03.087.543/0001-86;31767630.0
set/19;SDR;420013 / 00001;4728646.0
set/19;APEX-BR;05.507.500/0001-38;40381473.0
set/19;ABDI;07.200.966/0001-11;6593192.0
out/19;FNDE;153173 / 15253;1681823232.0
out/19;INCRA;373001 / 37201;141926619.0
out/19;SENAI;33.564.543/0001-90;116884053.0
out/19;SESI;33.641.358/0001-52;168820716.0
out/19;SENAC;33.469.172/0001-68;237394222.0
out/19;SESC;33.469.164/0001-11;420043942.0
out/19;SEBRAE;00.330.854/0001-45;271561121.0
out/19;EMBRATUR;35.842.428/0001-66;0.0
out/19;DPC;852001 / 00001;10796370.0
out/19;ANAC;122002 / 00001;17573159.0
out/19;SENAR;37.138.245/0001-90;109305496.0
out/19;SEST;73.471.989/0001-95;44851315.0
out/19;SENAT;73.471.963/0001-47;29678673.0
out/19;SESCOOP;03.087.543/0001-86;32684360.0
out/19;SDR;420013 / 00001;4582337.0
out/19;APEX-BR;05.507.500/0001-38;39580998.0
out/19;ABDI;07.200.966/0001-11;6462513.0
nov/19;FNDE;153173 / 15253;1702648246.0
nov/19;INCRA;373001 / 37201;137795137.0
nov/19;SENAI;33.564.543/0001-90;117218043.0
nov/19;SESI;33.641.358/0001-52;168950543.0
nov/19;SENAC;33.469.172/0001-68;241992155.0
nov/19;SESC;33.469.164/0001-11;434810916.0
nov/19;SEBRAE;00.330.854/0001-45;277022453.0
nov/19;EMBRATUR;35.842.428/0001-66;0.0
nov/19;DPC;852001 / 00001;11058857.0
nov/19;ANAC;122002 / 00001;17415118.0
nov/19;SENAR;37.138.245/0001-90;95372385.0
nov/19;SEST;73.471.989/0001-95;45932812.0
nov/19;SENAT;73.471.963/0001-47;30324457.0
nov/19;SESCOOP;03.087.543/0001-86;33052044.0
nov/19;SDR;420013 / 00001;4686957.0
nov/19;APEX-BR;05.507.500/0001-38;40378043.0
nov/19;ABDI;07.200.966/0001-11;6592653.0
dez/19;FNDE;153173 / 15253;1691928811.0
dez/19;INCRA;373001 / 37201;141785505.0
dez/19;SENAI;33.564.543/0001-90;115047003.0
dez/19;SESI;33.641.358/0001-52;165807948.0
dez/19;SENAC;33.469.172/0001-68;238512035.0
dez/19;SESC;33.469.164/0001-11;426538658.0
dez/19;SEBRAE;00.330.854/0001-45;275259457.0
dez/19;EMBRATUR;35.842.428/0001-66;0.0
dez/19;DPC;852001 / 00001;11039407.0
dez/19;ANAC;122002 / 00001;17221585.0
dez/19;SENAR;37.138.245/0001-90;102125180.0
dez/19;SEST;73.471.989/0001-95;48049307.0
dez/19;SENAT;73.471.963/0001-47;31826156.0
dez/19;SESCOOP;03.087.543/0001-86;31579548.0
dez/19;SDR;420013 / 00001;4579934.0
dez/19;APEX-BR;05.507.500/0001-38;40119784.0
dez/19;ABDI;07.200.966/0001-11;6550479.0
jan/20;FNDE;153173 / 15253;3023694517.0
jan/20;INCRA;373001 / 37201;252964059.0
jan/20;SENAI;33.564.543/0001-90;199324355.0
jan/20;SESI;33.641.358/0001-52;286979350.0
jan/20;SENAC;33.469.172/0001-68;424055478.0
jan/20;SESC;33.469.164/0001-11;758236867.0
jan/20;SEBRAE;00.330.854/0001-45;401047445.0
jan/20;EMBRATUR;35.842.428/0001-66;90202735.0
jan/20;DPC;852001 / 00001;20407250.0
jan/20;ANAC;122002 / 00001;28976600.0
jan/20;SENAR;37.138.245/0001-90;96737394.0
jan/20;SEST;73.471.989/0001-95;76278017.0
jan/20;SENAT;73.471.963/0001-47;50687228.0
jan/20;SESCOOP;03.087.543/0001-86;61776640.0
jan/20;SDR;420013 / 00001;7699417.0
jan/20;APEX-BR;05.507.500/0001-38;71611572.0
jan/20;ABDI;07.200.966/0001-11;11692049.0
fev/20;FNDE;153173 / 15253;1745524551.0
fev/20;INCRA;373001 / 37201;145635992.0
fev/20;SENAI;33.564.543/0001-90;121010007.0
fev/20;SESI;33.641.358/0001-52;176265309.0
fev/20;SENAC;33.469.172/0001-68;250715187.0
fev/20;SESC;33.469.164/0001-11;447209675.0
fev/20;SEBRAE;00.330.854/0001-45;232467772.0
fev/20;EMBRATUR;35.842.428/0001-66;52274883.0
fev/20;DPC;852001 / 00001;13191621.0
fev/20;ANAC;122002 / 00001;19687965.0
fev/20;SENAR;37.138.245/0001-90;73532596.0
fev/20;SEST;73.471.989/0001-95;44262378.0
fev/20;SENAT;73.471.963/0001-47;29408658.0
fev/20;SESCOOP;03.087.543/0001-86;34312782.0
fev/20;SDR;420013 / 00001;4640735.0
fev/20;APEX-BR;05.507.500/0001-38;41500854.0
fev/20;ABDI;07.200.966/0001-11;6776154.0
mar/20;FNDE;153173 / 15253;1703528433.0
mar/20;INCRA;373001 / 37201;138814641.0
mar/20;SENAI;33.564.543/0001-90;114761918.0
mar/20;SESI;33.641.358/0001-52;165285969.0
mar/20;SENAC;33.469.172/0001-68;244712777.0
mar/20;SESC;33.469.164/0001-11;437897648.0
mar/20;SEBRAE;00.330.854/0001-45;225600700.0
mar/20;EMBRATUR;35.842.428/0001-66;50715821.0
mar/20;DPC;852001 / 00001;12459389.0
mar/20;ANAC;122002 / 00001;18245350.0
mar/20;SENAR;37.138.245/0001-90;82721451.0
mar/20;SEST;73.471.989/0001-95;43765180.0
mar/20;SENAT;73.471.963/0001-47;29219017.0
mar/20;SESCOOP;03.087.543/0001-86;30165843.0
mar/20;SDR;420013 / 00001;4697052.0
mar/20;APEX-BR;05.507.500/0001-38;40263118.0
mar/20;ABDI;07.200.966/0001-11;6574043.0
abr/20;FNDE;153173 / 15253;1680177717.0
abr/20;INCRA;373001 / 37201;136132168.0
abr/20;SENAI;33.564.543/0001-90;109372848.0
abr/20;SESI;33.641.358/0001-52;157892286.0
abr/20;SENAC;33.469.172/0001-68;235130011.0
abr/20;SESC;33.469.164/0001-11;417369110.0
abr/20;SEBRAE;00.330.854/0001-45;220324924.0
abr/20;EMBRATUR;35.842.428/0001-66;49549991.0
abr/20;DPC;852001 / 00001;11631440.0
abr/20;ANAC;122002 / 00001;16443003.0
abr/20;SENAR;37.138.245/0001-90;121730266.0
abr/20;SEST;73.471.989/0001-95;38650131.0
abr/20;SENAT;73.471.963/0001-47;25615094.0
abr/20;SESCOOP;03.087.543/0001-86;36275829.0
abr/20;SDR;420013 / 00001;4233903.0
abr/20;APEX-BR;05.507.500/0001-38;39337569.0
abr/20;ABDI;07.200.966/0001-11;6422925.0
mai/20;FNDE;153173 / 15253;1554978857.0
mai/20;INCRA;373001 / 37201;125075201.0
mai/20;SENAI;33.564.543/0001-90;103027330.0
mai/20;SESI;33.641.358/0001-52;148787940.0
mai/20;SENAC;33.469.172/0001-68;220551100.0
mai/20;SESC;33.469.164/0001-11;393541561.0
mai/20;SEBRAE;00.330.854/0001-45;204245924.0
mai/20;EMBRATUR;35.842.428/0001-66;45933122.0
mai/20;DPC;852001 / 00001;10458995.0
mai/20;ANAC;122002 / 00001;12403347.0
mai/20;SENAR;37.138.245/0001-90;138083586.0
mai/20;SEST;73.471.989/0001-95;31398276.0
mai/20;SENAT;73.471.963/0001-47;20690735.0
mai/20;SESCOOP;03.087.543/0001-86;36334600.0
mai/20;SDR;420013 / 00001;4085446.0
mai/20;APEX-BR;05.507.500/0001-38;36466148.0
mai/20;ABDI;07.200.966/0001-11;5954097.0
jun/20;FNDE;153173 / 15253;1645756842.0
jun/20;INCRA;373001 / 37201;133489518.0
jun/20;SENAI;33.564.543/0001-90;60659537.0
jun/20;SESI;33.641.358/0001-52;87753844.0
jun/20;SENAC;33.469.172/0001-68;113233309.0
jun/20;SESC;33.469.164/0001-11;201113889.0
jun/20;SEBRAE;00.330.854/0001-45;216154310.0
jun/20;EMBRATUR;35.842.428/0001-66;48627667.0
jun/20;DPC;852001 / 00001;11982243.0
jun/20;ANAC;122002 / 00001;10163877.0
jun/20;SENAR;37.138.245/0001-90;85032061.0
jun/20;SEST;73.471.989/0001-95;19816795.0
jun/20;SENAT;73.471.963/0001-47;12978202.0
jun/20;SESCOOP;03.087.543/0001-86;14060695.0
jun/20;SDR;420013 / 00001;4597638.0
jun/20;APEX-BR;05.507.500/0001-38;38764286.0
jun/20;ABDI;07.200.966/0001-11;6329292.0
jul/20;FNDE;153173 / 15253;1519440767.0
jul/20;INCRA;373001 / 37201;126059067.0
jul/20;SENAI;33.564.543/0001-90;52013676.0
jul/20;SESI;33.641.358/0001-52;75455895.0
jul/20;SENAC;33.469.172/0001-68;104258266.0
jul/20;SESC;33.469.164/0001-11;185904175.0
jul/20;SEBRAE;00.330.854/0001-45;244243784.0
jul/20;EMBRATUR;35.842.428/0001-66;0.0
jul/20;DPC;852001 / 00001;10424135.0
jul/20;ANAC;122002 / 00001;1252387.0
jul/20;SENAR;37.138.245/0001-90;52255067.0
jul/20;SEST;73.471.989/0001-95;19995060.0
jul/20;SENAT;73.471.963/0001-47;12856452.0
jul/20;SESCOOP;03.087.543/0001-86;16213676.0
jul/20;SDR;420013 / 00001;4328392.0
jul/20;APEX-BR;05.507.500/0001-38;35751408.0
jul/20;ABDI;07.200.966/0001-11;5837272.0
ago/20;FNDE;153173 / 15253;1590847777.0
ago/20;INCRA;373001 / 37201;131771488.0
ago/20;SENAI;33.564.543/0001-90;55999387.0
ago/20;SESI;33.641.358/0001-52;80825812.0
ago/20;SENAC;33.469.172/0001-68;108369622.0
ago/20;SESC;33.469.164/0001-11;194027657.0
ago/20;SEBRAE;00.330.854/0001-45;252108674.0
ago/20;EMBRATUR;35.842.428/0001-66;0.0
ago/20;DPC;852001 / 00001;12152194.0
ago/20;ANAC;122002 / 00001;10249103.0
ago/20;SENAR;37.138.245/0001-90;60278875.0
ago/20;SEST;73.471.989/0001-95;19679835.0
ago/20;SENAT;73.471.963/0001-47;12973170.0
ago/20;SESCOOP;03.087.543/0001-86;17974497.0
ago/20;SDR;420013 / 00001;4677131.0
ago/20;APEX-BR;05.507.500/0001-38;36910191.0
ago/20;ABDI;07.200.966/0001-11;6026492.0
set/20;FNDE;153173 / 15253;1603805415.0
set/20;INCRA;373001 / 37201;131818167.0
set/20;SENAI;33.564.543/0001-90;111092861.0
set/20;SESI;33.641.358/0001-52;159637304.0
set/20;SENAC;33.469.172/0001-68;222295183.0
set/20;SESC;33.469.164/0001-11;393620608.0
set/20;SEBRAE;00.330.854/0001-45;257257899.0
set/20;EMBRATUR;35.842.428/0001-66;0.0
set/20;DPC;852001 / 00001;11903247.0
set/20;ANAC;122002 / 00001;12479761.0
set/20;SENAR;37.138.245/0001-90;128218900.0
set/20;SEST;73.471.989/0001-95;39167217.0
set/20;SENAT;73.471.963/0001-47;25811712.0
set/20;SESCOOP;03.087.543/0001-86;30560307.0
set/20;SDR;420013 / 00001;4311631.0
set/20;APEX-BR;05.507.500/0001-38;37489985.0
set/20;ABDI;07.200.966/0001-11;6121147.0
out/20;FNDE;153173 / 15253;1659526735.0
out/20;INCRA;373001 / 37201;134496068.0
out/20;SENAI;33.564.543/0001-90;115642117.0
out/20;SESI;33.641.358/0001-52;166893312.0
out/20;SENAC;33.469.172/0001-68;231082508.0
out/20;SESC;33.469.164/0001-11;403575599.0
out/20;SEBRAE;00.330.854/0001-45;265404268.0
out/20;EMBRATUR;35.842.428/0001-66;0.0
out/20;DPC;852001 / 00001;11088126.0
out/20;ANAC;122002 / 00001;12988276.0
out/20;SENAR;37.138.245/0001-90;124341475.0
out/20;SEST;73.471.989/0001-95;42239892.0
out/20;SENAT;73.471.963/0001-47;27536472.0
out/20;SESCOOP;03.087.543/0001-86;37035576.0
out/20;SDR;420013 / 00001;4478781.0
out/20;APEX-BR;05.507.500/0001-38;38686737.0
out/20;ABDI;07.200.966/0001-11;6316560.0
nov/20;FNDE;153173 / 15253;1721925081.0
nov/20;INCRA;373001 / 37201;141669478.0
nov/20;SENAI;33.564.543/0001-90;123863055.0
nov/20;SESI;33.641.358/0001-52;179241528.0
nov/20;SENAC;33.469.172/0001-68;238896192.0
nov/20;SESC;33.469.164/0001-11;419968008.0
nov/20;SEBRAE;00.330.854/0001-45;278743269.0
nov/20;EMBRATUR;35.842.428/0001-66;0.0
nov/20;DPC;852001 / 00001;12614690.0
nov/20;ANAC;122002 / 00001;13174363.0
nov/20;SENAR;37.138.245/0001-90;139327093.0
nov/20;SEST;73.471.989/0001-95;42765783.0
nov/20;SENAT;73.471.963/0001-47;27697647.0
nov/20;SESCOOP;03.087.543/0001-86;33597991.0
nov/20;SDR;420013 / 00001;4671316.0
nov/20;APEX-BR;05.507.500/0001-38;40628165.0
nov/20;ABDI;07.200.966/0001-11;6633525.0
dez/20;FNDE;153173 / 15253;1749265154.0
dez/20;INCRA;373001 / 37201;143790589.0
dez/20;SENAI;33.564.543/0001-90;123317365.0
dez/20;SESI;33.641.358/0001-52;178742123.0
dez/20;SENAC;33.469.172/0001-68;243539838.0
dez/20;SESC;33.469.164/0001-11;429453962.0
dez/20;SEBRAE;00.330.854/0001-45;281095416.0
dez/20;EMBRATUR;35.842.428/0001-66;0.0
dez/20;DPC;852001 / 00001;12792337.0
dez/20;ANAC;122002 / 00001;12047587.0
dez/20;SENAR;37.138.245/0001-90;133365921.0
dez/20;SEST;73.471.989/0001-95;42807560.0
dez/20;SENAT;73.471.963/0001-47;28379193.0
dez/20;SESCOOP;03.087.543/0001-86;35451306.0
dez/20;SDR;420013 / 00001;4638871.0
dez/20;APEX-BR;05.507.500/0001-38;40972291.0
dez/20;ABDI;07.200.966/0001-11;6689715.0
jan/21;FNDE;153173 / 15253;3074883303.0
jan/21;INCRA;373001 / 37201;253529826.0
jan/21;SENAI;33.564.543/0001-90;207845421.0
jan/21;SESI;33.641.358/0001-52;300380090.0
jan/21;SENAC;33.469.172/0001-68;426516302.0
jan/21;SESC;33.469.164/0001-11;749145877.0
jan/21;SEBRAE;00.330.854/0001-45;493946068.0
jan/21;EMBRATUR;35.842.428/0001-66;0.0
jan/21;DPC;852001 / 00001;21364259.0
jan/21;ANAC;122002 / 00001;53775634.0
jan/21;SENAR;37.138.245/0001-90;118099698.0
jan/21;SEST;73.471.989/0001-95;67603165.0
jan/21;SENAT;73.471.963/0001-47;44775118.0
jan/21;SESCOOP;03.087.543/0001-86;63910335.0
jan/21;SDR;420013 / 00001;7139976.0
jan/21;APEX-BR;05.507.500/0001-38;72005710.0
jan/21;ABDI;07.200.966/0001-11;11756430.0
fev/21;FNDE;153173 / 15253;1739188903.0
fev/21;INCRA;373001 / 37201;139214875.0
fev/21;SENAI;33.564.543/0001-90;124464814.0
fev/21;SESI;33.641.358/0001-52;179286777.0
fev/21;SENAC;33.469.172/0001-68;248186165.0
fev/21;SESC;33.469.164/0001-11;435004045.0
fev/21;SEBRAE;00.330.854/0001-45;285970893.0
fev/21;EMBRATUR;35.842.428/0001-66;0.0
fev/21;DPC;852001 / 00001;12086509.0
fev/21;ANAC;122002 / 00001;18457117.0
fev/21;SENAR;37.138.245/0001-90;100627379.0
fev/21;SEST;73.471.989/0001-95;41746790.0
fev/21;SENAT;73.471.963/0001-47;27526630.0
fev/21;SESCOOP;03.087.543/0001-86;34400068.0
fev/21;SDR;420013 / 00001;4613194.0
fev/21;APEX-BR;05.507.500/0001-38;41696014.0
fev/21;ABDI;07.200.966/0001-11;6807875.0
mar/21;FNDE;153173 / 15253;1813827563.0
mar/21;INCRA;373001 / 37201;149526328.0
mar/21;SENAI;33.564.543/0001-90;126586983.0
mar/21;SESI;33.641.358/0001-52;183412515.0
mar/21;SENAC;33.469.172/0001-68;251051804.0
mar/21;SESC;33.469.164/0001-11;443788794.0
mar/21;SEBRAE;00.330.854/0001-45;293937886.0
mar/21;EMBRATUR;35.842.428/0001-66;0.0
mar/21;DPC;852001 / 00001;12396293.0
mar/21;ANAC;122002 / 00001;13604110.0
mar/21;SENAR;37.138.245/0001-90;109785297.0
mar/21;SEST;73.471.989/0001-95;42832269.0
mar/21;SENAT;73.471.963/0001-47;28308878.0
mar/21;SESCOOP;03.087.543/0001-86;37336118.0
mar/21;SDR;420013 / 00001;4886935.0
mar/21;APEX-BR;05.507.500/0001-38;42846092.0
mar/21;ABDI;07.200.966/0001-11;6995650.0
abr/21;FNDE;153173 / 15253;1752203853.0
abr/21;INCRA;373001 / 37201;139722058.0
abr/21;SENAI;33.564.543/0001-90;120571129.0
abr/21;SESI;33.641.358/0001-52;175457645.0
abr/21;SENAC;33.469.172/0001-68;244397492.0
abr/21;SESC;33.469.164/0001-11;431158238.0
abr/21;SEBRAE;00.330.854/0001-45;277571111.0
abr/21;EMBRATUR;35.842.428/0001-66;0.0
abr/21;DPC;852001 / 00001;11188573.0
abr/21;ANAC;122002 / 00001;21992805.0
abr/21;SENAR;37.138.245/0001-90;134642044.0
abr/21;SEST;73.471.989/0001-95;41036738.0
abr/21;SENAT;73.471.963/0001-47;27079232.0
abr/21;SESCOOP;03.087.543/0001-86;34004095.0
abr/21;SDR;420013 / 00001;4809987.0
abr/21;APEX-BR;05.507.500/0001-38;40459955.0
abr/21;ABDI;07.200.966/0001-11;6606069.0
mai/21;FNDE;153173 / 15253;1818947539.0
mai/21;INCRA;373001 / 37201;148835177.0
mai/21;SENAI;33.564.543/0001-90;126880219.0
mai/21;SESI;33.641.358/0001-52;184168047.0
mai/21;SENAC;33.469.172/0001-68;245946030.0
mai/21;SESC;33.469.164/0001-11;432247720.0
mai/21;SEBRAE;00.330.854/0001-45;296119970.0
mai/21;EMBRATUR;35.842.428/0001-66;0.0
mai/21;DPC;852001 / 00001;12618018.0
mai/21;ANAC;122002 / 00001;14790325.0
mai/21;SENAR;37.138.245/0001-90;222586366.0
mai/21;SEST;73.471.989/0001-95;42506147.0
mai/21;SENAT;73.471.963/0001-47;28136178.0
mai/21;SESCOOP;03.087.543/0001-86;36801653.0
mai/21;SDR;420013 / 00001;4516546.0
mai/21;APEX-BR;05.507.500/0001-38;43163869.0
mai/21;ABDI;07.200.966/0001-11;7047519.0
jun/21;FNDE;153173 / 15253;1770746958.0
jun/21;INCRA;373001 / 37201;145059667.0
jun/21;SENAI;33.564.543/0001-90;127848203.0
jun/21;SESI;33.641.358/0001-52;185564204.0
jun/21;SENAC;33.469.172/0001-68;256429815.0
jun/21;SESC;33.469.164/0001-11;450737622.0
jun/21;SEBRAE;00.330.854/0001-45;290260552.0
jun/21;EMBRATUR;35.842.428/0001-66;0.0
jun/21;DPC;852001 / 00001;12246091.0
jun/21;ANAC;122002 / 00001;14662633.0
jun/21;SENAR;37.138.245/0001-90;205329952.0
jun/21;SEST;73.471.989/0001-95;43503799.0
jun/21;SENAT;73.471.963/0001-47;28726154.0
jun/21;SESCOOP;03.087.543/0001-86;36416737.0
jun/21;SDR;420013 / 00001;4708535.0
jun/21;APEX-BR;05.507.500/0001-38;42308091.0
jun/21;ABDI;07.200.966/0001-11;6907809.0
jul/21;FNDE;153173 / 15253;1804617066.0
jul/21;INCRA;373001 / 37201;146620762.0
jul/21;SENAI;33.564.543/0001-90;129649737.0
jul/21;SESI;33.641.358/0001-52;189063440.0
jul/21;SENAC;33.469.172/0001-68;255796564.0
jul/21;SESC;33.469.164/0001-11;448687830.0
jul/21;SEBRAE;00.330.854/0001-45;297517229.0
jul/21;EMBRATUR;35.842.428/0001-66;0.0
jul/21;DPC;852001 / 00001;12558204.0
jul/21;ANAC;122002 / 00001;15125941.0
jul/21;SENAR;37.138.245/0001-90;190127689.0
jul/21;SEST;73.471.989/0001-95;43403528.0
jul/21;SENAT;73.471.963/0001-47;28407389.0
jul/21;SESCOOP;03.087.543/0001-86;35229804.0
jul/21;SDR;420013 / 00001;4687010.0
jul/21;APEX-BR;05.507.500/0001-38;43368051.0
jul/21;ABDI;07.200.966/0001-11;7080872.0
ago/21;FNDE;153173 / 15253;1826968713.0
ago/21;INCRA;373001 / 37201;148385956.0
ago/21;SENAI;33.564.543/0001-90;131867620.0
ago/21;SESI;33.641.358/0001-52;191660560.0
ago/21;SENAC;33.469.172/0001-68;257398563.0
ago/21;SESC;33.469.164/0001-11;451890748.0
ago/21;SEBRAE;00.330.854/0001-45;296481905.0
ago/21;EMBRATUR;35.842.428/0001-66;0.0
ago/21;DPC;852001 / 00001;12619870.0
ago/21;ANAC;122002 / 00001;17118531.0
ago/21;SENAR;37.138.245/0001-90;169716870.0
ago/21;SEST;73.471.989/0001-95;46180636.0
ago/21;SENAT;73.471.963/0001-47;30436853.0
ago/21;SESCOOP;03.087.543/0001-86;39382932.0
ago/21;SDR;420013 / 00001;4665531.0
ago/21;APEX-BR;05.507.500/0001-38;43214850.0
ago/21;ABDI;07.200.966/0001-11;7055875.0
set/21;FNDE;153173 / 15253;1873467387.0
set/21;INCRA;373001 / 37201;155209043.0
set/21;SENAI;33.564.543/0001-90;140863746.0
set/21;SESI;33.641.358/0001-52;204635887.0
set/21;SENAC;33.469.172/0001-68;261713664.0
set/21;SESC;33.469.164/0001-11;461180642.0
set/21;SEBRAE;00.330.854/0001-45;302493013.0
set/21;EMBRATUR;35.842.428/0001-66;0.0
set/21;DPC;852001 / 00001;13215721.0
set/21;ANAC;122002 / 00001;16880091.0
set/21;SENAR;37.138.245/0001-90;178101705.0
set/21;SEST;73.471.989/0001-95;46941369.0
set/21;SENAT;73.471.963/0001-47;31032947.0
set/21;SESCOOP;03.087.543/0001-86;40570025.0
set/21;SDR;420013 / 00001;4898809.0
set/21;APEX-BR;05.507.500/0001-38;44093005.0
set/21;ABDI;07.200.966/0001-11;7199264.0
out/21;FNDE;153173 / 15253;1885563831.0
out/21;INCRA;373001 / 37201;152458346.0
out/21;SENAI;33.564.543/0001-90;139807233.0
out/21;SESI;33.641.358/0001-52;202922758.0
out/21;SENAC;33.469.172/0001-68;262119540.0
out/21;SESC;33.469.164/0001-11;459682607.0
out/21;SEBRAE;00.330.854/0001-45;306050855.0
out/21;EMBRATUR;35.842.428/0001-66;0.0
out/21;DPC;852001 / 00001;11598443.0
out/21;ANAC;122002 / 00001;16733677.0
out/21;SENAR;37.138.245/0001-90;178689435.0
out/21;SEST;73.471.989/0001-95;46732334.0
out/21;SENAT;73.471.963/0001-47;30806362.0
out/21;SESCOOP;03.087.543/0001-86;40941353.0
out/21;SDR;420013 / 00001;4898403.0
out/21;APEX-BR;05.507.500/0001-38;44611766.0
out/21;ABDI;07.200.966/0001-11;7283951.0
nov/21;FNDE;153173 / 15253;1897700204.0
nov/21;INCRA;373001 / 37201;157983814.0
nov/21;SENAI;33.564.543/0001-90;145215469.0
nov/21;SESI;33.641.358/0001-52;211556213.0
nov/21;SENAC;33.469.172/0001-68;262042542.0
nov/21;SESC;33.469.164/0001-11;463043022.0
nov/21;SEBRAE;00.330.854/0001-45;306771402.0
nov/21;EMBRATUR;35.842.428/0001-66;0.0
nov/21;DPC;852001 / 00001;13314952.0
nov/21;ANAC;122002 / 00001;17937400.0
nov/21;SENAR;37.138.245/0001-90;158860088.0
nov/21;SEST;73.471.989/0001-95;47608852.0
nov/21;SENAT;73.471.963/0001-47;31276447.0
nov/21;SESCOOP;03.087.543/0001-86;39222559.0
nov/21;SDR;420013 / 00001;4926223.0
nov/21;APEX-BR;05.507.500/0001-38;44712096.0
nov/21;ABDI;07.200.966/0001-11;7300336.0
dez/21;FNDE;153173 / 15253;1932404402.0
dez/21;INCRA;373001 / 37201;159632218.0
dez/21;SENAI;33.564.543/0001-90;141788958.0
dez/21;SESI;33.641.358/0001-52;204285769.0
dez/21;SENAC;33.469.172/0001-68;272742327.0
dez/21;SESC;33.469.164/0001-11;478486566.0
dez/21;SEBRAE;00.330.854/0001-45;313143993.0
dez/21;EMBRATUR;35.842.428/0001-66;0.0
dez/21;DPC;852001 / 00001;14261220.0
dez/21;ANAC;122002 / 00001;25560455.0
dez/21;SENAR;37.138.245/0001-90;153286028.0
dez/21;SEST;73.471.989/0001-95;48064767.0
dez/21;SENAT;73.471.963/0001-47;31928275.0
dez/21;SESCOOP;03.087.543/0001-86;36834615.0
dez/21;SDR;420013 / 00001;1158714.0
dez/21;APEX-BR;05.507.500/0001-38;45643573.0
dez/21;ABDI;07.200.966/0001-11;7452480.0
jan/22;FNDE;153173 / 15253;3390322169.0
jan/22;INCRA;373001 / 37201;283713682.0
jan/22;SENAI;33.564.543/0001-90;236503577.0
jan/22;SESI;33.641.358/0001-52;342623795.0
jan/22;SENAC;33.469.172/0001-68;481459089.0
jan/22;SESC;33.469.164/0001-11;848518670.0
jan/22;SEBRAE;00.330.854/0001-45;548388266.0
jan/22;EMBRATUR;35.842.428/0001-66;0.0
jan/22;DPC;852001 / 00001;22548501.0
jan/22;ANAC;122002 / 00001;28035615.0
jan/22;SENAR;37.138.245/0001-90;169643845.0
jan/22;SEST;73.471.989/0001-95;77161541.0
jan/22;SENAT;73.471.963/0001-47;51363523.0
jan/22;SESCOOP;03.087.543/0001-86;73861318.0
jan/22;SDR;420013 / 00001;1167320.0
jan/22;APEX-BR;05.507.500/0001-38;79945677.0
jan/22;ABDI;07.200.966/0001-11;13052897.0
fev/22;FNDE;153173 / 15253;2096308062.0
fev/22;INCRA;373001 / 37201;177286278.0
fev/22;SENAI;33.564.543/0001-90;152718864.0
fev/22;SESI;33.641.358/0001-52;222158874.0
fev/22;SENAC;33.469.172/0001-68;293756880.0
fev/22;SESC;33.469.164/0001-11;514732927.0
fev/22;SEBRAE;00.330.854/0001-45;344151572.0
fev/22;EMBRATUR;35.842.428/0001-66;0.0
fev/22;DPC;852001 / 00001;13671543.0
fev/22;ANAC;122002 / 00001;24009472.0
fev/22;SENAR;37.138.245/0001-90;147918370.0
fev/22;SEST;73.471.989/0001-95;51423632.0
fev/22;SENAT;73.471.963/0001-47;33880844.0
fev/22;SESCOOP;03.087.543/0001-86;44392378.0
fev/22;SDR;420013 / 00001;575733.0
fev/22;APEX-BR;05.507.500/0001-38;50165429.0
fev/22;ABDI;07.200.966/0001-11;8190820.0
mar/22;FNDE;153173 / 15253;2048648304.0
mar/22;INCRA;373001 / 37201;172102220.0
mar/22;SENAI;33.564.543/0001-90;144696477.0
mar/22;SESI;33.641.358/0001-52;210695304.0
mar/22;SENAC;33.469.172/0001-68;294095614.0
mar/22;SESC;33.469.164/0001-11;514778230.0
mar/22;SEBRAE;00.330.854/0001-45;332215904.0
mar/22;EMBRATUR;35.842.428/0001-66;0.0
mar/22;DPC;852001 / 00001;13885578.0
mar/22;ANAC;122002 / 00001;19974688.0
mar/22;SENAR;37.138.245/0001-90;154872289.0
mar/22;SEST;73.471.989/0001-95;47433924.0
mar/22;SENAT;73.471.963/0001-47;31833459.0
mar/22;SESCOOP;03.087.543/0001-86;43639463.0
mar/22;SDR;420013 / 00001;532114.0
mar/22;APEX-BR;05.507.500/0001-38;48423140.0
mar/22;ABDI;07.200.966/0001-11;7906352.0
abr/22;FNDE;153173 / 15253;2062770813.0
abr/22;INCRA;373001 / 37201;175031587.0
abr/22;SENAI;33.564.543/0001-90;147453762.0
abr/22;SESI;33.641.358/0001-52;215730797.0
abr/22;SENAC;33.469.172/0001-68;294130282.0
abr/22;SESC;33.469.164/0001-11;512451223.0
abr/22;SEBRAE;00.330.854/0001-45;330599147.0
abr/22;EMBRATUR;35.842.428/0001-66;0.0
abr/22;DPC;852001 / 00001;13724021.0
abr/22;ANAC;122002 / 00001;19695375.0
abr/22;SENAR;37.138.245/0001-90;231268828.0
abr/22;SEST;73.471.989/0001-95;48313831.0
abr/22;SENAT;73.471.963/0001-47;32279342.0
abr/22;SESCOOP;03.087.543/0001-86;43536734.0
abr/22;SDR;420013 / 00001;647437.0
abr/22;APEX-BR;05.507.500/0001-38;48192945.0
abr/22;ABDI;07.200.966/0001-11;7868792.0
mai/22;FNDE;153173 / 15253;2060657136.0
mai/22;INCRA;373001 / 37201;171033897.0
mai/22;SENAI;33.564.543/0001-90;151413146.0
mai/22;SESI;33.641.358/0001-52;220597558.0
mai/22;SENAC;33.469.172/0001-68;294405960.0
mai/22;SESC;33.469.164/0001-11;512120653.0
mai/22;SEBRAE;00.330.854/0001-45;334878412.0
mai/22;EMBRATUR;35.842.428/0001-66;0.0
mai/22;DPC;852001 / 00001;14336221.0
mai/22;ANAC;122002 / 00001;22636551.0
mai/22;SENAR;37.138.245/0001-90;272815189.0
mai/22;SEST;73.471.989/0001-95;50439413.0
mai/22;SENAT;73.471.963/0001-47;33844544.0
mai/22;SESCOOP;03.087.543/0001-86;43839174.0
mai/22;SDR;420013 / 00001;550781.0
mai/22;APEX-BR;05.507.500/0001-38;48815747.0
mai/22;ABDI;07.200.966/0001-11;7970440.0
jun/22;FNDE;153173 / 15253;2100262846.0
jun/22;INCRA;373001 / 37201;173473299.0
jun/22;SENAI;33.564.543/0001-90;152877257.0
jun/22;SESI;33.641.358/0001-52;223025271.0
jun/22;SENAC;33.469.172/0001-68;304443963.0
jun/22;SESC;33.469.164/0001-11;529827582.0
jun/22;SEBRAE;00.330.854/0001-45;342608153.0
jun/22;EMBRATUR;35.842.428/0001-66;0.0
jun/22;DPC;852001 / 00001;13758334.0
jun/22;ANAC;122002 / 00001;24137527.0
jun/22;SENAR;37.138.245/0001-90;218943574.0
jun/22;SEST;73.471.989/0001-95;51214656.0
jun/22;SENAT;73.471.963/0001-47;34381451.0
jun/22;SESCOOP;03.087.543/0001-86;45632638.0
jun/22;SDR;420013 / 00001;592246.0
jun/22;APEX-BR;05.507.500/0001-38;49939780.0
jun/22;ABDI;07.200.966/0001-11;8153984.0
jul/22;FNDE;153173 / 15253;2148063754.0
jul/22;INCRA;373001 / 37201;179179299.0
jul/22;SENAI;33.564.543/0001-90;154902461.0
jul/22;SESI;33.641.358/0001-52;225490642.0
jul/22;SENAC;33.469.172/0001-68;297453879.0
jul/22;SESC;33.469.164/0001-11;521878505.0
jul/22;SEBRAE;00.330.854/0001-45;341170946.0
jul/22;EMBRATUR;35.842.428/0001-66;0.0
jul/22;DPC;852001 / 00001;14120973.0
jul/22;ANAC;122002 / 00001;22080515.0
jul/22;SENAR;37.138.245/0001-90;225373045.0
jul/22;SEST;73.471.989/0001-95;52896067.0
jul/22;SENAT;73.471.963/0001-47;35680304.0
jul/22;SESCOOP;03.087.543/0001-86;44720581.0
jul/22;SDR;420013 / 00001;582545.0
jul/22;APEX-BR;05.507.500/0001-38;49730389.0
jul/22;ABDI;07.200.966/0001-11;8119796.0
ago/22;FNDE;153173 / 15253;2129257858.0
ago/22;INCRA;373001 / 37201;178966631.0
ago/22;SENAI;33.564.543/0001-90;157356040.0
ago/22;SESI;33.641.358/0001-52;229029680.0
ago/22;SENAC;33.469.172/0001-68;302238161.0
ago/22;SESC;33.469.164/0001-11;527693468.0
ago/22;SEBRAE;00.330.854/0001-45;345837443.0
ago/22;EMBRATUR;35.842.428/0001-66;0.0
ago/22;DPC;852001 / 00001;13767019.0
ago/22;ANAC;122002 / 00001;23180745.0
ago/22;SENAR;37.138.245/0001-90;210017118.0
ago/22;SEST;73.471.989/0001-95;55112255.0
ago/22;SENAT;73.471.963/0001-47;36708141.0
ago/22;SESCOOP;03.087.543/0001-86;46996953.0
ago/22;SDR;420013 / 00001;583604.0
ago/22;APEX-BR;05.507.500/0001-38;50408577.0
ago/22;ABDI;07.200.966/0001-11;8230516.0
set/22;FNDE;153173 / 15253;2189953241.0
set/22;INCRA;373001 / 37201;182845938.0
set/22;SENAI;33.564.543/0001-90;159405232.0
set/22;SESI;33.641.358/0001-52;234515317.0
set/22;SENAC;33.469.172/0001-68;315493973.0
set/22;SESC;33.469.164/0001-11;552213261.0
set/22;SEBRAE;00.330.854/0001-45;356648422.0
set/22;EMBRATUR;35.842.428/0001-66;0.0
set/22;DPC;852001 / 00001;19942931.0
set/22;ANAC;122002 / 00001;24683722.0
set/22;SENAR;37.138.245/0001-90;202887843.0
set/22;SEST;73.471.989/0001-95;57295185.0
set/22;SENAT;73.471.963/0001-47;38241837.0
set/22;SESCOOP;03.087.543/0001-86;48708296.0
set/22;SDR;420013 / 00001;590518.0
set/22;APEX-BR;05.507.500/0001-38;51985659.0
set/22;ABDI;07.200.966/0001-11;8488023.0
out/22;FNDE;153173 / 15253;2175834913.0
out/22;INCRA;373001 / 37201;184130442.0
out/22;SENAI;33.564.543/0001-90;159373326.0
out/22;SESI;33.641.358/0001-52;234093696.0
out/22;SENAC;33.469.172/0001-68;312224219.0
out/22;SESC;33.469.164/0001-11;543634536.0
out/22;SEBRAE;00.330.854/0001-45;353085316.0
out/22;EMBRATUR;35.842.428/0001-66;0.0
out/22;DPC;852001 / 00001;14903806.0
out/22;ANAC;122002 / 00001;23161720.0
out/22;SENAR;37.138.245/0001-90;208526288.0
out/22;SEST;73.471.989/0001-95;58365520.0
out/22;SENAT;73.471.963/0001-47;38987286.0
out/22;SESCOOP;03.087.543/0001-86;48017930.0
out/22;SDR;420013 / 00001;565164.0
out/22;APEX-BR;05.507.500/0001-38;51466400.0
out/22;ABDI;07.200.966/0001-11;8403219.0
nov/22;FNDE;153173 / 15253;2342144910.0
nov/22;INCRA;373001 / 37201;195384668.0
nov/22;SENAI;33.564.543/0001-90;170179225.0
nov/22;SESI;33.641.358/0001-52;248434526.0
nov/22;SENAC;33.469.172/0001-68;335472450.0
nov/22;SESC;33.469.164/0001-11;579228955.0
nov/22;SEBRAE;00.330.854/0001-45;384388137.0
nov/22;EMBRATUR;35.842.428/0001-66;0.0
nov/22;DPC;852001 / 00001;16253368.0
nov/22;ANAC;122002 / 00001;25796007.0
nov/22;SENAR;37.138.245/0001-90;248452948.0
nov/22;SEST;73.471.989/0001-95;59654628.0
nov/22;SENAT;73.471.963/0001-47;39742262.0
nov/22;SESCOOP;03.087.543/0001-86;54646476.0
nov/22;SDR;420013 / 00001;541106.0
nov/22;APEX-BR;05.507.500/0001-38;56029984.0
nov/22;ABDI;07.200.966/0001-11;9148316.0
dez/22;FNDE;153173 / 15253;2101912315.0
dez/22;INCRA;373001 / 37201;177493580.0
dez/22;SENAI;33.564.543/0001-90;159959752.0
dez/22;SESI;33.641.358/0001-52;233096663.0
dez/22;SENAC;33.469.172/0001-68;303331337.0
dez/22;SESC;33.469.164/0001-11;532797046.0
dez/22;SEBRAE;00.330.854/0001-45;341659805.0
dez/22;EMBRATUR;35.842.428/0001-66;0.0
dez/22;DPC;852001 / 00001;13196764.0
dez/22;ANAC;122002 / 00001;20148853.0
dez/22;SENAR;37.138.245/0001-90;164013828.0
dez/22;SEST;73.471.989/0001-95;56335882.0
dez/22;SENAT;73.471.963/0001-47;37617669.0
dez/22;SESCOOP;03.087.543/0001-86;51620732.0
dez/22;SDR;420013 / 00001;659766.0
dez/22;APEX-BR;05.507.500/0001-38;49793803.0
dez/22;ABDI;07.200.966/0001-11;8130144.0
jan/23;FNDE;153173 / 15253;3808893428.0
jan/23;INCRA;373001 / 37201;314737195.0
jan/23;SENAI;33.564.543/0001-90;272836218.0
jan/23;SESI;33.641.358/0001-52;397284586.0
jan/23;SENAC;33.469.172/0001-68;549028418.0
jan/23;SESC;33.469.164/0001-11;961969924.0
jan/23;SEBRAE;00.330.854/0001-45;619609534.0
jan/23;EMBRATUR;35.842.428/0001-66;0.0
jan/23;DPC;852001 / 00001;28353331.0
jan/23;ANAC;122002 / 00001;29570863.0
jan/23;SENAR;37.138.245/0001-90;154806704.0
jan/23;SEST;73.471.989/0001-95;93355500.0
jan/23;SENAT;73.471.963/0001-47;62076742.0
jan/23;SESCOOP;03.087.543/0001-86;86418513.0
jan/23;SDR;420013 / 00001;706777.0
jan/23;APEX-BR;05.507.500/0001-38;90325515.0
jan/23;ABDI;07.200.966/0001-11;14747605.0
fev/23;FNDE;153173 / 15253;2344276756.0
fev/23;INCRA;373001 / 37201;199586811.0
fev/23;SENAI;33.564.543/0001-90;174329022.0
fev/23;SESI;33.641.358/0001-52;254072864.0
fev/23;SENAC;33.469.172/0001-68;325548473.0
fev/23;SESC;33.469.164/0001-11;571578944.0
fev/23;SEBRAE;00.330.854/0001-45;384224589.0
fev/23;EMBRATUR;35.842.428/0001-66;0.0
fev/23;DPC;852001 / 00001;16038473.0
fev/23;ANAC;122002 / 00001;22183120.0
fev/23;SENAR;37.138.245/0001-90;181509335.0
fev/23;SEST;73.471.989/0001-95;61028361.0
fev/23;SENAT;73.471.963/0001-47;40821782.0
fev/23;SESCOOP;03.087.543/0001-86;55986829.0
fev/23;SDR;420013 / 00001;484005.0
fev/23;APEX-BR;05.507.500/0001-38;56001167.0
fev/23;ABDI;07.200.966/0001-11;9143663.0
mar/23;FNDE;153173 / 15253;2378998814.0
mar/23;INCRA;373001 / 37201;203001651.0
mar/23;SENAI;33.564.543/0001-90;177659768.0
mar/23;SESI;33.641.358/0001-52;261506152.0
mar/23;SENAC;33.469.172/0001-68;345641359.0
mar/23;SESC;33.469.164/0001-11;601168082.0
mar/23;SEBRAE;00.330.854/0001-45;389816966.0
mar/23;EMBRATUR;35.842.428/0001-66;0.0
mar/23;DPC;852001 / 00001;16085082.0
mar/23;ANAC;122002 / 00001;22831664.0
mar/23;SENAR;37.138.245/0001-90;141353316.0
mar/23;SEST;73.471.989/0001-95;58670782.0
mar/23;SENAT;73.471.963/0001-47;39138130.0
mar/23;SESCOOP;03.087.543/0001-86;55153829.0
mar/23;SDR;420013 / 00001;503487.0
mar/23;APEX-BR;05.507.500/0001-38;56819452.0
mar/23;ABDI;07.200.966/0001-11;9277209.0
abr/23;FNDE;153173 / 15253;2355592924.0
abr/23;INCRA;373001 / 37201;196583829.0
abr/23;SENAI;33.564.543/0001-90;171349634.0
abr/23;SESI;33.641.358/0001-52;252401286.0
abr/23;SENAC;33.469.172/0001-68;338762117.0
abr/23;SESC;33.469.164/0001-11;586634010.0
abr/23;SEBRAE;00.330.854/0001-45;382709065.0
abr/23;EMBRATUR;35.842.428/0001-66;0.0
abr/23;DPC;852001 / 00001;17310429.0
abr/23;ANAC;122002 / 00001;19130301.0
abr/23;SENAR;37.138.245/0001-90;226947080.0
abr/23;SEST;73.471.989/0001-95;59062004.0
abr/23;SENAT;73.471.963/0001-47;39413246.0
abr/23;SESCOOP;03.087.543/0001-86;51326309.0
abr/23;SDR;420013 / 00001;553599.0
abr/23;APEX-BR;05.507.500/0001-38;55780154.0
abr/23;ABDI;07.200.966/0001-11;9107548.0
mai/23;FNDE;153173 / 15253;2304385083.0
mai/23;INCRA;373001 / 37201;194643485.0
mai/23;SENAI;33.564.543/0001-90;167769841.0
mai/23;SESI;33.641.358/0001-52;246838229.0
mai/23;SENAC;33.469.172/0001-68;329362144.0
mai/23;SESC;33.469.164/0001-11;572642763.0
mai/23;SEBRAE;00.330.854/0001-45;376218742.0
mai/23;EMBRATUR;35.842.428/0001-66;0.0
mai/23;DPC;852001 / 00001;15438745.0
mai/23;ANAC;122002 / 00001;30481721.0
mai/23;SENAR;37.138.245/0001-90;288914577.0
mai/23;SEST;73.471.989/0001-95;61629706.0
mai/23;SENAT;73.471.963/0001-47;41296686.0
mai/23;SESCOOP;03.087.543/0001-86;53180103.0
mai/23;SDR;420013 / 00001;504054.0
mai/23;APEX-BR;05.507.500/0001-38;54843735.0
mai/23;ABDI;07.200.966/0001-11;8954639.0
jun/23;FNDE;153173 / 15253;2396797255.0
jun/23;INCRA;373001 / 37201;205084045.0
jun/23;SENAI;33.564.543/0001-90;179643144.0
jun/23;SESI;33.641.358/0001-52;263413740.0
jun/23;SENAC;33.469.172/0001-68;344590463.0
jun/23;SESC;33.469.164/0001-11;598844449.0
jun/23;SEBRAE;00.330.854/0001-45;390353787.0
jun/23;EMBRATUR;35.842.428/0001-66;0.0
jun/23;DPC;852001 / 00001;16793970.0
jun/23;ANAC;122002 / 00001;24799014.0
jun/23;SENAR;37.138.245/0001-90;240668958.0
jun/23;SEST;73.471.989/0001-95;66049281.0
jun/23;SENAT;73.471.963/0001-47;44017461.0
jun/23;SESCOOP;03.087.543/0001-86;58592108.0
jun/23;SDR;420013 / 00001;514293.0
jun/23;APEX-BR;05.507.500/0001-38;56891958.0
jun/23;ABDI;07.200.966/0001-11;9289077.0
jul/23;FNDE;153173 / 15253;2556983557.0
jul/23;INCRA;373001 / 37201;198109389.0
jul/23;SENAI;33.564.543/0001-90;188400653.0
jul/23;SESI;33.641.358/0001-52;277783852.0
jul/23;SENAC;33.469.172/0001-68;380828216.0
jul/23;SESC;33.469.164/0001-11;655029657.0
jul/23;SEBRAE;00.330.854/0001-45;419645519.0
jul/23;EMBRATUR;35.842.428/0001-66;0.0
jul/23;DPC;852001 / 00001;17702282.0
jul/23;ANAC;122002 / 00001;28678219.0
jul/23;SENAR;37.138.245/0001-90;223554101.0
jul/23;SEST;73.471.989/0001-95;70527075.0
jul/23;SENAT;73.471.963/0001-47;46705207.0
jul/23;SESCOOP;03.087.543/0001-86;57224648.0
jul/23;SDR;420013 / 00001;494600.0
jul/23;APEX-BR;05.507.500/0001-38;61165757.0
jul/23;ABDI;07.200.966/0001-11;9986820.0
ago/23;FNDE;153173 / 15253;2369333744.0
ago/23;INCRA;373001 / 37201;202976647.0
ago/23;SENAI;33.564.543/0001-90;173931075.0
ago/23;SESI;33.641.358/0001-52;253945575.0
ago/23;SENAC;33.469.172/0001-68;329851922.0
ago/23;SESC;33.469.164/0001-11;579168428.0
ago/23;SEBRAE;00.330.854/0001-45;384292496.0
ago/23;EMBRATUR;35.842.428/0001-66;0.0
ago/23;DPC;852001 / 00001;16638258.0
ago/23;ANAC;122002 / 00001;24045554.0
ago/23;SENAR;37.138.245/0001-90;212899841.0
ago/23;SEST;73.471.989/0001-95;66120940.0
ago/23;SENAT;73.471.963/0001-47;44104945.0
ago/23;SESCOOP;03.087.543/0001-86;55176117.0
ago/23;SDR;420013 / 00001;447256.0
ago/23;APEX-BR;05.507.500/0001-38;56010404.0
ago/23;ABDI;07.200.966/0001-11;9145135.0
set/23;FNDE;153173 / 15253;2388530834.0
set/23;INCRA;373001 / 37201;195459416.0
set/23;SENAI;33.564.543/0001-90;176966643.0
set/23;SESI;33.641.358/0001-52;258758094.0
set/23;SENAC;33.469.172/0001-68;344444075.0
set/23;SESC;33.469.164/0001-11;604337800.0
set/23;SEBRAE;00.330.854/0001-45;390154307.0
set/23;EMBRATUR;35.842.428/0001-66;0.0
set/23;DPC;852001 / 00001;16372181.0
set/23;ANAC;122002 / 00001;24187613.0
set/23;SENAR;37.138.245/0001-90;190208347.0
set/23;SEST;73.471.989/0001-95;67935501.0
set/23;SENAT;73.471.963/0001-47;45354846.0
set/23;SESCOOP;03.087.543/0001-86;53957890.0
set/23;SDR;420013 / 00001;474454.0
set/23;APEX-BR;05.507.500/0001-38;56862758.0
set/23;ABDI;07.200.966/0001-11;9284300.0
out/23;FNDE;153173 / 15253;2435123298.0
out/23;INCRA;373001 / 37201;208599426.0
out/23;SENAI;33.564.543/0001-90;185927599.0
out/23;SESI;33.641.358/0001-52;271747731.0
out/23;SENAC;33.469.172/0001-68;348080872.0
out/23;SESC;33.469.164/0001-11;606959995.0
out/23;SEBRAE;00.330.854/0001-45;399443667.0
out/23;EMBRATUR;35.842.428/0001-66;0.0
out/23;DPC;852001 / 00001;17630068.0
out/23;ANAC;122002 / 00001;16028891.0
out/23;SENAR;37.138.245/0001-90;226188366.0
out/23;SEST;73.471.989/0001-95;71024419.0
out/23;SENAT;73.471.963/0001-47;47573664.0
out/23;SESCOOP;03.087.543/0001-86;57950921.0
out/23;SDR;420013 / 00001;404139.0
out/23;APEX-BR;05.507.500/0001-38;58159190.0
out/23;ABDI;07.200.966/0001-11;9493823.0
nov/23;FNDE;153173 / 15253;2474737763.0
nov/23;INCRA;373001 / 37201;211553669.0
nov/23;SENAI;33.564.543/0001-90;187468417.0
nov/23;SESI;33.641.358/0001-52;275485343.0
nov/23;SENAC;33.469.172/0001-68;349287636.0
nov/23;SESC;33.469.164/0001-11;612381467.0
nov/23;SEBRAE;00.330.854/0001-45;401206555.0
nov/23;EMBRATUR;35.842.428/0001-66;0.0
nov/23;DPC;852001 / 00001;16376386.0
nov/23;ANAC;122002 / 00001;37643503.0
nov/23;SENAR;37.138.245/0001-90;195238523.0
nov/23;SEST;73.471.989/0001-95;68784180.0
nov/23;SENAT;73.471.963/0001-47;46001439.0
nov/23;SESCOOP;03.087.543/0001-86;61776575.0
nov/23;SDR;420013 / 00001;422955.0
nov/23;APEX-BR;05.507.500/0001-38;58474026.0
nov/23;ABDI;07.200.966/0001-11;9547370.0
dez/23;FNDE;153173 / 15253;2445496081.0
dez/23;INCRA;373001 / 37201;216123878.0
dez/23;SENAI;33.564.543/0001-90;189658308.0
dez/23;SESI;33.641.358/0001-52;278953427.0
dez/23;SENAC;33.469.172/0001-68;349886800.0
dez/23;SESC;33.469.164/0001-11;610958673.0
dez/23;SEBRAE;00.330.854/0001-45;398736980.0
dez/23;EMBRATUR;35.842.428/0001-66;0.0
dez/23;DPC;852001 / 00001;16405312.0
dez/23;ANAC;122002 / 00001;27284843.0
dez/23;SENAR;37.138.245/0001-90;203423736.0
dez/23;SEST;73.471.989/0001-95;68680562.0
dez/23;SENAT;73.471.963/0001-47;45905432.0
dez/23;SESCOOP;03.087.543/0001-86;59669839.0
dez/23;SDR;420013 / 00001;419407.0
dez/23;APEX-BR;05.507.500/0001-38;58116842.0
dez/23;ABDI;07.200.966/0001-11;9489036.0
jan/24;FNDE;153173 / 15253;4322353057.0
jan/24;INCRA;373001 / 37201;358573394.0
jan/24;SENAI;33.564.543/0001-90;309172068.0
jan/24;SESI;33.641.358/0001-52;452482059.0
jan/24;SENAC;33.469.172/0001-68;624745546.0
jan/24;SESC;33.469.164/0001-11;1087903211.0
jan/24;SEBRAE;00.330.854/0001-45;702701674.0
jan/24;EMBRATUR;35.842.428/0001-66;0.0
jan/24;DPC;852001 / 00001;28592074.0
jan/24;ANAC;122002 / 00001;44663586.0
jan/24;SENAR;37.138.245/0001-90;155392814.0
jan/24;SEST;73.471.989/0001-95;108797475.0
jan/24;SENAT;73.471.963/0001-47;72582314.0
jan/24;SESCOOP;03.087.543/0001-86;99764875.0
jan/24;SDR;420013 / 00001;381095.0
jan/24;APEX-BR;05.507.500/0001-38;102711115.0
jan/24;ABDI;07.200.966/0001-11;16940069.0
fev/24;FNDE;153173 / 15253;2586565544.04
fev/24;INCRA;373001 / 37201;220688723.86
fev/24;SENAI;33.564.543/0001-90;198148017.29
fev/24;SESI;33.641.358/0001-52;287614329.19
fev/24;SENAC;33.469.172/0001-68;363762852.14
fev/24;SESC;33.469.164/0001-11;632521704.03
fev/24;SEBRAE;00.330.854/0001-45;427021722.37
fev/24;EMBRATUR;35.842.428/0001-66;0.0
fev/24;DPC;852001 / 00001;19258918.1
fev/24;ANAC;122002 / 00001;22034504.65
fev/24;SENAR;37.138.245/0001-90;182407637.73
fev/24;SEST;73.471.989/0001-95;67320625.66
fev/24;SENAT;73.471.963/0001-47;44968360.8
fev/24;SESCOOP;03.087.543/0001-86;66020574.23
fev/24;SDR;420013 / 00001;299281.58
fev/24;APEX-BR;05.507.500/0001-38;62279694.87
fev/24;ABDI;07.200.966/0001-11;10193040.0
mar/24;FNDE;153173 / 15253;2464715432.36
mar/24;INCRA;373001 / 37201;207388984.11
mar/24;SENAI;33.564.543/0001-90;179157034.23
mar/24;SESI;33.641.358/0001-52;263259121.21
mar/24;SENAC;33.469.172/0001-68;357059981.56
mar/24;SESC;33.469.164/0001-11;622064074.35
mar/24;SEBRAE;00.330.854/0001-45;399068001.63
mar/24;EMBRATUR;35.842.428/0001-66;0.0
mar/24;DPC;852001 / 00001;17017807.4
mar/24;ANAC;122002 / 00001;18900358.69
mar/24;SENAR;37.138.245/0001-90;147824858.81
mar/24;SEST;73.471.989/0001-95;64242548.83
mar/24;SENAT;73.471.963/0001-47;42950183.67
mar/24;SESCOOP;03.087.543/0001-86;58727811.31
mar/24;SDR;420013 / 00001;302012.13
mar/24;APEX-BR;05.507.500/0001-38;58198037.94
mar/24;ABDI;07.200.966/0001-11;9520475.24
abr/24;FNDE;153173 / 15253;2468760733.1
abr/24;INCRA;373001 / 37201;207683337.73
abr/24;SENAI;33.564.543/0001-90;181438089.99
abr/24;SESI;33.641.358/0001-52;265649523.02
abr/24;SENAC;33.469.172/0001-68;352290803.01
abr/24;SESC;33.469.164/0001-11;609154700.52
abr/24;SEBRAE;00.330.854/0001-45;399943603.62
abr/24;EMBRATUR;35.842.428/0001-66;0.0
abr/24;DPC;852001 / 00001;15436329.09
abr/24;ANAC;122002 / 00001;17364691.06
abr/24;SENAR;37.138.245/0001-90;177820148.38
abr/24;SEST;73.471.989/0001-95;68987476.68
abr/24;SENAT;73.471.963/0001-47;46131300.14
abr/24;SESCOOP;03.087.543/0001-86;60168797.34
abr/24;SDR;420013 / 00001;302012.13
abr/24;APEX-BR;05.507.500/0001-38;58309286.41
abr/24;ABDI;07.200.966/0001-11;9526512.68
mai/24;FNDE;153173 / 15253;2544739123.28
mai/24;INCRA;373001 / 37201;215904943.0
mai/24;SENAI;33.564.543/0001-90;191367157.73
mai/24;SESI;33.641.358/0001-52;280726485.12
mai/24;SENAC;33.469.172/0001-68;362646624.39
mai/24;SESC;33.469.164/0001-11;631519187.4
mai/24;SEBRAE;00.330.854/0001-45;415454440.96
mai/24;EMBRATUR;35.842.428/0001-66;0.0
mai/24;DPC;852001 / 00001;18719793.9
mai/24;ANAC;122002 / 00001;20184384.32
mai/24;SENAR;37.138.245/0001-90;235389818.6
mai/24;SEST;73.471.989/0001-95;68852341.29
mai/24;SENAT;73.471.963/0001-47;45923148.79
mai/24;SESCOOP;03.087.543/0001-86;61197877.82
mai/24;SDR;420013 / 00001;322619.7
mai/24;APEX-BR;05.507.500/0001-38;60580018.52
mai/24;ABDI;07.200.966/0001-11;9905418.73
jun/24;FNDE;153173 / 15253;2404109063.0
jun/24;INCRA;373001 / 37201;209430580.9
jun/24;SENAI;33.564.543/0001-90;186139557.7
jun/24;SESI;33.641.358/0001-52;272891268.0
jun/24;SENAC;33.469.172/0001-68;341605625.8
jun/24;SESC;33.469.164/0001-11;595340223.0
jun/24;SEBRAE;00.330.854/0001-45;392211634.6
jun/24;EMBRATUR;35.842.428/0001-66;0.0
jun/24;DPC;852001 / 00001;17732178.08
jun/24;ANAC;122002 / 00001;17595944.02
jun/24;SENAR;37.138.245/0001-90;228110045.8
jun/24;SEST;73.471.989/0001-95;70824976.75
jun/24;SENAT;73.471.963/0001-47;47251910.04
jun/24;SESCOOP;03.087.543/0001-86;56607943.23
jun/24;SDR;420013 / 00001;274491.94
jun/24;APEX-BR;05.507.500/0001-38;57201203.42
jun/24;ABDI;07.200.966/0001-11;9344109.26
jul/24;FNDE;153173 / 15253;2583582677.5
jul/24;INCRA;373001 / 37201;227566938.62
jul/24;SENAI;33.564.543/0001-90;200078809.59
jul/24;SESI;33.641.358/0001-52;294443947.87
jul/24;SENAC;33.469.172/0001-68;381414514.48
jul/24;SESC;33.469.164/0001-11;662156728.03
jul/24;SEBRAE;00.330.854/0001-45;430313645.5
jul/24;EMBRATUR;35.842.428/0001-66;0.0
jul/24;DPC;852001 / 00001;19449792.22
jul/24;ANAC;122002 / 00001;21462258.75
jul/24;SENAR;37.138.245/0001-90;228724260.17
jul/24;SEST;73.471.989/0001-95;72978275.21
jul/24;SENAT;73.471.963/0001-47;48563074.1
jul/24;SESCOOP;03.087.543/0001-86;60162988.27
jul/24;SDR;420013 / 00001;304918.43
jul/24;APEX-BR;05.507.500/0001-38;62544551.87
jul/24;ABDI;07.200.966/0001-11;10314768.81
